rec,report,attend
仏,なし,あり
ど鬼,なし,あり
ど仏,なし,あり
ど鬼,なし,なし
やや鬼,なし,あり
仏,なし,あり
鬼,なし,時々あり
ど鬼,なし,あり
ど仏,なし,時々あり
ど仏,あり,
ど仏,なし,あり
仏,あり,あり
並,あり,あり
並,あり,あり
やや仏,あり,あり
仏,なし,あり
並,なし,あり
,,
やや仏,あり,なし
並,なし,あり
仏,あり,時々あり
やや鬼,あり,なし
,,
ど仏,,
並,あり,あり
ど鬼,,
ど仏,なし,あり
ど鬼,,
並,あり,あり
仏,時々あり,なし
ど鬼,あり,なし
仏,なし,あり
並,なし,あり
仏,なし,あり
仏,なし,なし
やや仏,なし,あり
仏,なし,あり
並,あり,なし
,,
ど仏,なし,あり
やや仏,あり,あり
並,なし,あり
ど鬼,あり,あり
仏,あり,あり
ど仏,なし,あり
,あり,なし
並,時々あり,あり
仏,なし,なし
やや仏,あり,あり
並,時々あり,あり
やや鬼,なし,なし
ど仏,なし,あり
ど仏,なし,あり
並,時々あり,なし
仏,なし,なし
仏,なし,あり
ど仏,なし,あり
ど仏,なし,あり
仏,なし,あり
ど仏,なし,あり
並,時々あり,なし
やや仏,時々あり,なし
ど鬼,なし,あり
並,あり,あり
ど仏,なし,あり
仏,あり,あり
ど仏,あり,あり
やや仏,なし,なし
ど仏,あり,あり
仏,あり,あり
並,あり,あり
ど仏,なし,あり
ど仏,なし,あり
ど仏,なし,なし
鬼,あり,なし
ど仏,なし,なし
ど仏,なし,なし
並,なし,なし
やや仏,なし,なし
ど仏,あり,あり
ど仏,なし,あり
仏,なし,あり
やや仏,時々あり,あり
仏,なし,あり
仏,あり,あり
仏,なし,あり
やや鬼,なし,あり
仏,なし,なし
並,時々あり,なし
ど仏,なし,あり
鬼,なし,あり
仏,なし,なし
ど仏,なし,あり
ど鬼,なし,あり
ど仏,なし,あり
ど仏,あり,あり
やや仏,なし,あり
仏,あり,あり
やや仏,なし,あり
鬼,あり,あり
鬼,あり,あり
鬼,時々あり,なし
ど仏,なし,あり
やや仏,あり,あり
並,なし,なし
,,
ど仏,なし,あり
並,あり,あり
並,あり,あり
ど鬼,,あり
やや仏,あり,あり
やや仏,あり,あり
ど鬼,なし,なし
ど仏,あり,なし
並,なし,なし
ど鬼,時々あり,なし
,,
ど鬼,あり,あり
やや仏,あり,時々あり
ど仏,なし,時々あり
ど仏,なし,時々あり
ど鬼,なし,時々あり
やや仏,あり,時々あり
ど鬼,時々あり,なし
仏,なし,あり
ど仏,なし,なし
仏,時々あり,あり
ど仏,なし,あり
ど仏,なし,あり
仏,時々あり,あり
やや仏,なし,あり
ど鬼,,あり
ど鬼,あり,あり
ど仏,あり,時々あり
ど仏,,
並,なし,なし
ど仏,,
ど仏,,
やや仏,あり,あり
鬼,なし,なし
鬼,なし,あり
ど鬼,なし,あり
ど鬼,なし,なし
並,なし,時々あり
やや鬼,なし,あり
仏,,あり
やや仏,なし,なし
やや仏,なし,時々あり
やや仏,なし,あり
仏,あり,時々あり
やや仏,なし,時々あり
やや鬼,,あり
鬼,なし,あり
鬼,なし,あり
ど鬼,,
ど鬼,なし,なし
ど仏,あり,あり
鬼,なし,なし
ど鬼,あり,あり
仏,時々あり,時々あり
ど鬼,あり,時々あり
ど鬼,なし,なし
ど仏,あり,あり
やや鬼,なし,なし
鬼,なし,時々あり
ど仏,なし,なし
やや仏,なし,あり
鬼,あり,時々あり
仏,なし,なし
仏,時々あり,あり
やや仏,なし,なし
仏,あり,あり
仏,時々あり,なし
仏,なし,時々あり
仏,なし,なし
並,時々あり,時々あり
ど仏,なし,あり
並,なし,あり
仏,あり,あり
ど仏,なし,なし
やや鬼,なし,あり
仏,時々あり,あり
ど仏,時々あり,あり
,,
ど鬼,あり,あり
ど仏,時々あり,あり
鬼,,
やや仏,なし,あり
並,あり,あり
鬼,なし,あり
ど仏,なし,あり
鬼,あり,あり
ど鬼,あり,なし
並,なし,なし
,,
並,なし,あり
ど仏,時々あり,あり
ど鬼,あり,あり
ど鬼,なし,あり
やや仏,なし,あり
やや鬼,あり,あり
並,あり,あり
ど仏,なし,なし
ど仏,なし,なし
ど鬼,あり,あり
ど鬼,なし,なし
やや仏,なし,なし
やや仏,なし,なし
やや仏,なし,なし
やや仏,なし,なし
やや仏,なし,なし
やや仏,なし,なし
やや仏,なし,なし
やや仏,なし,なし
やや仏,なし,なし
やや仏,なし,なし
やや仏,なし,なし
やや仏,なし,なし
やや仏,なし,なし
やや仏,なし,なし
やや仏,なし,なし
やや仏,なし,なし
やや仏,なし,なし
やや仏,なし,なし
やや仏,なし,なし
やや仏,時々あり,あり
やや仏,時々あり,あり
やや仏,時々あり,あり
やや仏,時々あり,あり
やや仏,時々あり,あり
やや仏,時々あり,あり
やや仏,時々あり,あり
やや仏,時々あり,あり
やや仏,時々あり,あり
やや仏,時々あり,あり
やや仏,時々あり,あり
やや仏,時々あり,あり
やや仏,時々あり,あり
やや仏,時々あり,あり
やや仏,時々あり,あり
やや仏,時々あり,あり
ど仏,なし,なし
ど仏,なし,なし
ど仏,なし,なし
ど仏,なし,なし
ど仏,なし,なし
ど仏,なし,なし
ど仏,なし,なし
ど仏,なし,なし
鬼,なし,なし
やや仏,なし,なし
,,
ど仏,,
ど鬼,なし,なし
ど鬼,あり,なし
ど鬼,時々あり,時々あり
ど仏,なし,あり
ど仏,なし,あり
やや鬼,あり,あり
ど仏,あり,なし
ど仏,あり,あり
ど鬼,,時々あり
やや仏,時々あり,あり
ど仏,なし,なし
仏,なし,あり
ど鬼,なし,時々あり
やや仏,なし,あり
ど仏,あり,あり
やや仏,あり,あり
ど鬼,時々あり,なし
ど鬼,なし,あり
ど鬼,なし,あり
ど鬼,なし,時々あり
ど鬼,,時々あり
,,
,,
ど鬼,あり,
やや仏,なし,時々あり
仏,なし,なし
,,
ど鬼,あり,あり
仏,なし,なし
ど鬼,時々あり,なし
ど鬼,,あり
並,,
並,,
並,,
並,,
ど仏,なし,なし
ど仏,なし,なし
仏,あり,時々あり
ど鬼,,
仏,あり,なし
,,
並,なし,あり
ど鬼,なし,時々あり
ど鬼,,
ど仏,,
ど仏,,
並,あり,あり
ど仏,なし,時々あり
ど仏,なし,あり
ど鬼,時々あり,あり
ど鬼,時々あり,なし
ど仏,あり,あり
ど鬼,あり,あり
ど鬼,,あり
ど鬼,,
ど鬼,あり,なし
,,
ど鬼,あり,あり
,,
ど仏,あり,あり
ど鬼,あり,あり
並,,
ど鬼,あり,なし
並,,
並,なし,なし
ど鬼,あり,
,,
ど鬼,なし,なし
,,
並,あり,あり
並,あり,あり
ど鬼,なし,なし
やや仏,あり,あり
ど仏,なし,なし
仏,なし,
ど鬼,,
並,,
ど鬼,あり,あり
仏,あり,あり
仏,時々あり,あり
ど鬼,あり,あり
やや鬼,あり,
ど鬼,あり,あり
ど仏,あり,あり
,,
ど仏,なし,なし
ど鬼,なし,あり
ど鬼,あり,あり
ど鬼,あり,あり
ど鬼,,
ど仏,,なし
並,なし,あり
仏,あり,あり
ど仏,時々あり,なし
ど仏,なし,あり
仏,あり,なし
,,
ど仏,なし,なし
,,
,,
ど鬼,,
鬼,,
,,
,,
,,
ど仏,なし,あり
並,時々あり,あり
ど鬼,,
ど鬼,,
,,
,,
鬼,,
ど鬼,あり,あり
,,
,,
ど仏,,
ど鬼,あり,時々あり
ど鬼,あり,あり
ど仏,なし,あり
,,
,あり,あり
鬼,あり,なし
鬼,なし,なし
並,,
,,
ど仏,,
鬼,なし,あり
並,,
ど鬼,あり,あり
教科（講座）投稿者投稿日2019年03月31日,あり,あり
並,なし,なし
やや鬼,なし,あり
,,
並,なし,なし
やや仏,なし,あり
仏,なし,あり
仏,時々あり,なし
ど鬼,あり,あり
仏,,
ど鬼,あり,あり
ど鬼,あり,あり
,,
,,
やや鬼,あり,あり
仏,なし,あり
やや鬼,,
仏,なし,あり
仏,時々あり,あり
仏,なし,あり
ど鬼,あり,あり
ど鬼,あり,あり
,,
やや仏,時々あり,あり
ど仏,,
,,
並,あり,あり
並,あり,なし
ど仏,なし,あり
仏,なし,時々あり
仏,時々あり,なし
やや鬼,あり,あり
仏,なし,なし
ど鬼,なし,なし
やや仏,あり,あり
やや鬼,あり,時々あり
ど仏,なし,あり
仏,なし,なし
並,なし,あり
並,なし,あり
並,なし,あり
ど仏,なし,あり
仏,なし,なし
ど鬼,あり,あり
鬼,時々あり,なし
仏,なし,あり
ど仏,なし,あり
ど仏,なし,時々あり
並,時々あり,あり
ど仏,あり,あり
並,あり,あり
並,あり,時々あり
ど鬼,あり,あり
並,なし,なし
鬼,あり,なし
ど鬼,あり,あり
ど仏,なし,あり
やや鬼,あり,あり
仏,なし,あり
仏,なし,あり
やや仏,あり,あり
ど仏,なし,あり
仏,なし,あり
並,なし,あり
ど鬼,あり,あり
並,あり,あり
仏,なし,あり
仏,なし,あり
やや仏,なし,あり
並,あり,あり
仏,時々あり,なし
仏,なし,あり
並,なし,なし
仏,なし,あり
仏,時々あり,あり
仏,なし,あり
やや仏,なし,あり
仏,なし,あり
仏,なし,あり
仏,なし,なし
仏,時々あり,あり
仏,時々あり,なし
仏,なし,あり
仏,なし,あり
仏,あり,時々あり
仏,あり,なし
ど鬼,あり,時々あり
ど鬼,あり,時々あり
仏,,
ど仏,なし,あり
ど鬼,なし,あり
やや鬼,なし,あり
やや仏,時々あり,なし
仏,あり,あり
並,なし,あり
仏,なし,あり
ど仏,なし,あり
仏,あり,あり
並,あり,あり
やや仏,あり,なし
やや仏,なし,あり
鬼,なし,あり
仏,,
やや仏,時々あり,あり
ど仏,なし,あり
やや仏,あり,あり
並,時々あり,あり
並,あり,あり
並,時々あり,あり
やや仏,なし,時々あり
仏,あり,なし
鬼,時々あり,なし
やや仏,時々あり,あり
並,なし,なし
,,
,,
仏,なし,あり
やや仏,なし,あり
後泣きついてくる奴投稿者投稿日2019年02月11日,,
仏,なし,あり
仏,時々あり,あり
,なし,あり
ど仏,なし,なし
やや鬼,あり,時々あり
ど鬼,,
やや仏,なし,あり
仏,,
ど仏,なし,なし
仏,なし,なし
仏,なし,なし
ど仏,なし,なし
やや鬼,なし,なし
やや仏,あり,時々あり
やや仏,,
並,,
仏,なし,あり
やや仏,なし,なし
やや仏,なし,なし
仏,なし,なし
やや仏,なし,なし
ど鬼,,
仏,あり,あり
やや仏,なし,あり
,,
ど仏,なし,なし
ど仏,なし,時々あり
,,
やや鬼,なし,あり
仏,なし,あり
やや鬼,なし,なし
,,
やや鬼,,
並,時々あり,あり
並,時々あり,なし
ど鬼,,
ど鬼,あり,なし
並,なし,あり
ど仏,なし,あり
鬼,時々あり,あり
やや仏,なし,あり
やや鬼,なし,あり
ど仏,あり,あり
,,
仏,あり,あり
ど仏,なし,なし
ど仏,時々あり,あり
仏,なし,あり
並,なし,あり
鬼,なし,時々あり
仏,なし,
仏,あり,あり
仏,なし,あり
ど仏,なし,あり
ど鬼,なし,あり
並,なし,あり
仏,なし,時々あり
ど仏,なし,なし
鬼,なし,時々あり
ど仏,なし,なし
ど仏,なし,なし
やや仏,,
ど仏,なし,時々あり
やや鬼,なし,時々あり
ど仏,あり,あり
ど仏,あり,あり
ど仏,なし,なし
ど仏,なし,あり
やや鬼,なし,あり
並,あり,あり
,,
仏,なし,なし
仏,なし,なし
ど仏,なし,あり
ど鬼,なし,あり
やや仏,時々あり,あり
並,あり,あり
やや鬼,なし,あり
ど仏,あり,あり
ど仏,なし,あり
ど鬼,なし,あり
仏,なし,時々あり
やや鬼,,なし
並,なし,なし
,,
並,時々あり,あり
ど仏,時々あり,なし
ど仏,なし,あり
並,なし,なし
並,なし,なし
やや鬼,,
仏,なし,あり
ど仏,なし,なし
ど鬼,あり,
ど鬼,あり,なし
並,なし,あり
ど鬼,あり,あり
ど鬼,なし,なし
ど仏,なし,あり
ど鬼,,
ど鬼,あり,あり
並,時々あり,時々あり
,,
ど鬼,なし,あり
仏,あり,あり
,,
並,なし,あり
仏,時々あり,あり
ど仏,なし,なし
やや仏,なし,時々あり
ど鬼,あり,あり
ど仏,あり,あり
やや仏,なし,なし
仏,なし,あり
やや仏,あり,あり
,,
並,,
ど仏,,
やや鬼,なし,なし
ど鬼,なし,あり
???,????,????
仏,なし,あり
ど鬼,あり,あり
ど鬼,あり,
ど仏,なし,あり
,,
ど鬼,あり,なし
ど仏,,
並,,
,,
並,あり,あり
並,,
仏,なし,なし
仏,なし,時々あり
ど鬼,,
ど鬼,あり,あり
ど仏,なし,あり
鬼,あり,あり
鬼,あり,あり
並,あり,あり
ど鬼,あり,あり
鬼,あり,あり
仏,なし,あり
仏,なし,あり
仏,あり,あり
やや仏,あり,あり
,,
やや仏,なし,あり
やや鬼,時々あり,時々あり
仏,なし,あり
ど仏,なし,あり
やや仏,なし,あり
やや仏,なし,あり
仏,なし,あり
やや仏,なし,なし
仏,なし,あり
ど仏,時々あり,あり
ど仏,時々あり,あり
並,なし,時々あり
仏,なし,あり
ど仏,なし,あり
並,あり,あり
仏,,
,,
ど鬼,,
,,
,,
ど仏,あり,時々あり
並,あり,あり
ど鬼,あり,あり
ど仏,なし,あり
ど仏,,
ど仏,時々あり,あり
仏,,あり
仏,,時々あり
仏,,時々あり
ど仏,なし,あり
ど仏,なし,あり
ど仏,時々あり,あり
やや仏,なし,なし
ど仏,なし,あり
ど鬼,時々あり,なし
やや仏,なし,あり
仏,なし,なし
仏,あり,なし
仏,時々あり,時々あり
鬼,あり,あり
並,あり,あり
仏,なし,あり
仏,あり,あり
やや仏,なし,なし
,時々あり,なし
鬼,あり,なし
ど仏,あり,なし
ど仏,あり,なし
やや仏,なし,なし
仏,あり,あり
仏,なし,なし
ど仏,なし,あり
ど鬼,なし,なし
ど仏,あり,あり
やや鬼,なし,なし
ど鬼,時々あり,なし
仏,なし,あり
ど仏,なし,時々あり
やや仏,時々あり,あり
やや仏,あり,あり
ど仏,あり,なし
,,
ど仏,あり,なし
並,なし,なし
仏,なし,時々あり
,あり,あり
やや鬼,,
やや鬼,時々あり,なし
並,なし,なし
ど仏,あり,あり
ど鬼,あり,なし
ど仏,なし,あり
ど鬼,あり,あり
ど仏,なし,あり
ど鬼,なし,なし
仏,なし,なし
ど仏,なし,なし
やや仏,あり,なし
並,なし,なし
並,なし,なし
仏,なし,なし
,,
並,あり,あり
鬼,,
並,あり,あり
ど仏,なし,あり
やや鬼,なし,あり
やや仏,時々あり,あり
やや仏,なし,あり
やや仏,なし,あり
並,なし,あり
仏,時々あり,なし
やや仏,なし,なし
仏,なし,時々あり
仏,あり,なし
ど鬼,あり,時々あり
ど仏,あり,あり
ど仏,なし,なし
並,なし,あり
ど仏,なし,
やや仏,なし,なし
やや鬼,,あり
並,あり,あり
,,なし
やや仏,なし,なし
鬼,なし,なし
仏,あり,あり
やや鬼,時々あり,なし
仏,あり,あり
並,なし,なし
ど鬼,あり,あり
,,
鬼,あり,あり
やや鬼,なし,時々あり
やや鬼,なし,あり
ど仏,なし,あり
並,あり,あり
仏,なし,あり
ど仏,なし,なし
仏,なし,あり
ど仏,なし,なし
ど鬼,なし,
ど仏,なし,あり
やや仏,時々あり,あり
やや鬼,あり,
ど鬼,,
ど仏,あり,あり
ど仏,なし,なし
仏,なし,なし
並,時々あり,あり
,,
ど鬼,あり,あり
ど鬼,あり,あり
,,
やや仏,時々あり,あり
並,なし,なし
やや鬼,あり,なし
鬼,あり,あり
仏,なし,あり
ど仏,あり,なし
仏,あり,あり
並,時々あり,あり
,,
やや鬼,あり,あり
仏,時々あり,あり
やや仏,なし,あり
ど仏,なし,あり
やや仏,あり,あり
,,
ど鬼,あり,時々あり
ど仏,あり,あり
やや仏,なし,あり
仏,なし,なし
,,
やや仏,あり,あり
,なし,なし
ど鬼,,
並,,
ど鬼,なし,あり
ど仏,なし,あり
並,時々あり,なし
やや仏,なし,あり
やや鬼,なし,なし
ど鬼,,
,,
,,
,,
,,
,,
,,
ど仏,なし,あり
,,
,,
,,
,,
,,
,,
,,
,,
,,
,,
,,
並,あり,時々あり
やや鬼,あり,時々あり
ど仏,,
やや鬼,時々あり,あり
並,なし,なし
ど仏,なし,なし
???,??,??
ど鬼,あり,あり
並,時々あり,あり
仏,なし,あり
仏,なし,時々あり
,,
やや仏,なし,あり
仏,あり,あり
ど仏,なし,時々あり
やや鬼,あり,あり
仏,なし,あり
ど仏,なし,なし
ど仏,なし,なし
,,
鬼,時々あり,なし
ど鬼,あり,あり
ど仏e,なしe,なしe
仏々,なしR,あり碂
鬼,時々あり,なし
ど鬼,なし,なし
やや仏,,あり
やや鬼,なし,なし
並,なし,なし
,,
仏,,あり
鬼,なし,あり
並,なし,なし
並,なし,なし
仏,なし,なし
仏,なし,なし
仏,なし,あり
仏,なし,なし
ど鬼,あり,あり
鬼,時々あり,時々あり
並,なし,あり
並,なし,あり
ど仏,,
並,あり,あり
,,
鬼,あり,あり
ど鬼,あり,あり
仏,なし,あり
仏,,
並,時々あり,あり
,,
,,
ど仏,,
ど鬼,なし,時々あり
,,
並,あり,あり
ど仏,,
仏,あり,あり
並,時々あり,なし
やや仏,なし,あり
並,なし,なし
ど仏,なし,あり
,,
並,なし,時々あり
やや鬼,あり,あり
ど仏,,あり
ど仏,なし,あり
,,
鬼,,
ど鬼,,
並,,
やや仏,なし,なし
並,あり,あり
鬼,時々あり,あり
,,
仏,あり,あり
仏,,
,,
,,
ど鬼,あり,あり
,,
,,
ど仏,なし,なし
,,
やや仏,あり,あり
ど鬼,あり,
ど鬼,あり,あり
ど仏,,
仏,あり,あり
仏,なし,なし
仏,なし,なし
並,時々あり,時々あり
ど鬼,時々あり,時々あり
鬼,あり,時々あり
,,
,,
ど仏,なし,あり
,,
仏,なし,なし
ど仏,なし,あり
仏,あり,あり
仏,時々あり,なし
やや仏,あり,あり
ど仏,なし,時々あり
やや仏,なし,あり
,,
ど仏,なし,なし
やや仏,あり,あり
ど鬼,あり,あり
並,なし,時々あり
ど仏,あり,あり
,,
,,
やや鬼,あり,あり
仏,なし,あり
並,時々あり,あり
やや仏,なし,あり
,,
仏,なし,なし
ど仏,,
ど鬼,なし,あり
仏,時々あり,あり
やや仏,なし,あり
並,なし,あり
やや仏,あり,なし
ど仏,あり,なし
仏,なし,あり
ど仏,あり,あり
やや仏,あり,時々あり
仏,なし,なし
ど仏,時々あり,あり
仏,あり,あり
ど仏,あり,時々あり
仏,なし,あり
仏,あり,あり
,,
やや仏,あり,なし
やや鬼,あり,あり
やや仏,あり,あり
ど鬼,なし,あり
やや仏,なし,なし
やや仏,あり,なし
ど鬼,あり,あり
ど鬼,あり,あり
ど仏,あり,あり
仏,あり,あり
並,なし,あり
やや仏,なし,あり
やや鬼,なし,あり
ど仏,時々あり,あり
仏,なし,あり
ど鬼,なし,時々あり
鬼,なし,なし
仏,あり,なし
並,なし,あり
仏,あり,あり
ど仏,あり,なし
並,あり,あり
仏,なし,あり
並,,あり
鬼,なし,あり
,,
並,あり,時々あり
ど鬼,あり,あり
ど鬼,あり,あり
ど仏,あり,なし
ど仏,なし,あり
やや鬼,あり,あり
ど仏,あり,なし
仏,あり,あり
やや仏,なし,あり
仏,なし,あり
やや鬼,なし,あり
鬼,あり,
やや鬼,なし,あり
鬼,なし,あり
やや仏,なし,なし
仏,なし,あり
やや仏,あり,あり
仏,なし,なし
鬼,なし,なし
ど仏,時々あり,あり
ど仏,時々あり,あり
鬼,あり,あり
仏,あり,あり
ど仏,なし,なし
ど鬼,なし,あり
仏,なし,なし
仏,なし,あり
やや鬼,あり,時々あり
仏,時々あり,あり
並,なし,あり
ど鬼,なし,なし
仏,時々あり,なし
仏,時々あり,なし
仏,時々あり,時々あり
やや鬼,なし,あり
やや仏,なし,時々あり
やや仏,あり,あり
仏,時々あり,あり
ど仏,なし,時々あり
ど仏,なし,あり
ど仏,あり,あり
ど仏,あり,あり
,,
ど鬼,なし,あり
ど仏,なし,あり
仏,あり,あり
ど仏,あり,あり
ど仏,あり,あり
ど仏,時々あり,なし
やや仏,なし,あり
やや鬼,なし,あり
仏,あり,あり
仏,あり,あり
仏,なし,あり
仏,なし,あり
仏,なし,あり
仏,あり,あり
仏,なし,なし
仏,なし,あり
仏,なし,あり
仏,なし,あり
やや仏,あり,なし
やや仏,時々あり,時々あり
仏,なし,あり
並,なし,あり
ど鬼,あり,
やや仏,時々あり,なし
鬼,なし,あり
仏,なし,あり
鬼,あり,あり
並,あり,あり
ど仏,なし,時々あり
ど仏,あり,あり
やや鬼,なし,あり
鬼,なし,あり
やや鬼,なし,時々あり
やや仏,,あり
やや仏,あり,
並,あり,あり
並,なし,あり
鬼,あり,あり
ど鬼,あり,あり
仏,なし,なし
,,
並,なし,あり
ど鬼,時々あり,時々あり
鬼,あり,あり
やや鬼,なし,なし
鬼,時々あり,時々あり
ど鬼,時々あり,なし
仏,なし,あり
並,時々あり,時々あり
並,なし,あり
ど仏,あり,あり
ど仏,なし,なし
ど鬼,あり,あり
,,
ど仏,時々あり,あり
仏,なし,あり
ど鬼,あり,あり
ど仏,時々あり,あり
ど仏,時々あり,あり
ど仏,なし,あり
仏,あり,あり
仏,なし,あり
ど仏,時々あり,あり
ど仏,なし,あり
鬼,あり,あり
ど仏,あり,あり
ど仏,なし,あり
ど仏,あり,なし
やや仏,なし,あり
並,あり,あり
ど鬼,あり,あり
並,,なし
仏,,あり
仏,時々あり,あり
やや仏,なし,なし
ど仏,なし,なし
ど仏,なし,なし
やや仏,あり,あり
仏,なし,なし
仏,なし,なし
仏,なし,なし
仏,なし,なし
仏,なし,なし
仏,なし,なし
ど鬼,あり,あり
ど鬼,あり,あり
ど鬼,あり,あり
ど仏,なし,なし
ど仏,時々あり,あり
並,なし,なし
ど仏,時々あり,なし
ど鬼,あり,なし
並,あり,あり
並,あり,あり
並,あり,あり
並,あり,あり
鬼,あり,あり
やや仏,あり,あり
やや鬼,あり,あり
鬼,あり,あり
投稿者投稿日2017年12月13日,あり,あり
やや鬼,あり,あり
やや鬼,あり,あり
やや鬼,あり,あり
ど鬼,なし,時々あり
やや鬼,なし,あり
やや鬼,あり,あり
並,あり,あり
仏,あり,あり
,,
並,あり,あり
やや仏,あり,時々あり
鬼,あり,あり
やや仏,あり,あり
仏,あり,あり
並,あり,あり
やや鬼,あり,あり
やや仏,あり,あり
仏,あり,あり
鬼,あり,あり
鬼,あり,あり
ど鬼,,
ど鬼,,
並,あり,あり
,,
やや仏,あり,あり
仏,あり,あり
仏,あり,あり
並,あり,あり
鬼,なし,あり
仏,なし,あり
ど仏,なし,あり
やや鬼,なし,あり
仏,なし,あり
仏,なし,なし
鬼,あり,あり
やや鬼,なし,あり
ど仏,あり,なし
仏,時々あり,なし
やや鬼,なし,あり
やや仏,なし,なし
並,時々あり,あり
,,
ど鬼,あり,あり
ど鬼,,
やや鬼,あり,あり
ど鬼,あり,あり
ど鬼,あり,あり
ど鬼,あり,あり
ど鬼,なし,なし
,,
鬼,なし,あり
仏,なし,なし
やや鬼,時々あり,なし
並,なし,なし
やや鬼,なし,なし
やや鬼,なし,なし
鬼,あり,あり
ど仏,なし,なし
仏,あり,あり
仏,なし,時々あり
ど仏,あり,あり
仏,あり,あり
ど仏,なし,あり
ど仏,時々あり,あり
,,
ど仏,なし,あり
鬼,なし,あり
鬼,なし,あり
仏,なし,あり
,,
,,
ど仏,,
ど仏,あり,あり
やや鬼,時々あり,あり
仏,あり,なし
ど仏,時々あり,あり
ど仏,あり,あり
ど仏,あり,あり
並,,
ど鬼,あり,あり
,,
やや仏,あり,あり
ど仏,,
鬼,あり,あり
ど鬼,あり,時々あり
ど鬼,なし,なし
ど鬼,なし,なし
ど鬼,なし,なし
ど仏,なし,時々あり
並,あり,あり
,,
ど仏,あり,あり
仏,あり,あり
仏,なし,なし
ど鬼,あり,あり
ど仏,あり,あり
鬼,あり,あり
並,なし,あり
並,あり,なし
やや仏,なし,なし
並,なし,なし
並,なし,時々あり
並,なし,あり
並,時々あり,あり
,,
並,なし,あり
並,なし,なし
並,あり,あり
並,なし,時々あり
並,なし,あり
並,なし,あり
並,あり,あり
並,なし,あり
やや仏,あり,あり
やや仏,あり,あり
ど仏,時々あり,あり
ど仏,あり,なし
ど仏,あり,なし
並,なし,なし
ど鬼,,
ど仏,なし,あり
仏,なし,なし
鬼,あり,なし
ど鬼,あり,あり
ど仏,時々あり,あり
やや仏,時々あり,あり
並,なし,時々あり
,,
やや仏,あり,あり
やや仏,あり,あり
ど仏,あり,あり
ど仏,あり,あり
ど仏,あり,あり
並,あり,あり
やや仏,あり,なし
並,なし,あり
やや鬼,なし,なし
ど仏,なし,なし
ど仏,なし,あり
ど仏,なし,あり
並,なし,なし
仏,なし,あり
ど鬼,あり,あり
,,
やや仏,あり,あり
仏,時々あり,なし
並,なし,なし
ど鬼,あり,あり
ど鬼,なし,なし
鬼,なし,なし
ど仏,時々あり,あり
仏,時々あり,あり
やや仏,,あり
仏,あり,あり
,,
仏,なし,あり
仏,時々あり,あり
仏,時々あり,あり
,,
,,
ど仏,あり,あり
ど鬼,なし,あり
仏,なし,なし
仏,なし,なし
やや鬼,なし,なし
やや鬼,なし,時々あり
ど仏,あり,時々あり
ど仏,あり,あり
ど仏,あり,あり
並,なし,なし
並,なし,なし
並,なし,なし
仏,時々あり,あり
並,なし,あり
仏,なし,あり
並,なし,あり
やや鬼,あり,あり
,,
並,あり,あり
鬼,あり,あり
,,
やや鬼,なし,なし
やや仏,なし,なし
,,
,,
,,
,,
,,
,,
,,
仏,あり,あり
,,
,,
,,
,,
並,なし,あり
並,時々あり,あり
仏,あり,あり
仏,あり,あり
並,なし,なし
仏,なし,なし
鬼,なし,あり
ど鬼,なし,あり
やや鬼,あり,あり
仏,なし,あり
ど鬼,時々あり,なし
仏,時々あり,
,,
,,
,,
やや鬼,あり,あり
ど仏,あり,あり
やや鬼,時々あり,時々あり
ど鬼,なし,なし
ど鬼,,
ど仏,,
仏,なし,なし
ど鬼,なし,なし
ど仏,時々あり,あり
ど仏,なし,なし
ど仏,時々あり,あり
ど鬼,なし,時々あり
ど仏,なし,なし
ど仏,あり,あり
ど鬼,なし,なし
ど鬼,なし,なし
ど鬼,なし,なし
並,なし,あり
ど鬼,なし,なし
ど鬼,なし,なし
ど仏,時々あり,あり
ど鬼,なし,なし
仏,あり,時々あり
やや仏,なし,なし
並,時々あり,あり
,,
,,
並,なし,あり
ど仏,なし,あり
ど仏,なし,あり
ど仏,なし,あり
ど仏,なし,あり
ど仏,なし,あり
やや鬼,なし,あり
仏,あり,なし
ど仏,あり,あり
ど鬼,なし,あり
やや仏,あり,あり
鬼,時々あり,時々あり
やや鬼,なし,時々あり
鬼,あり,あり
並,,
やや鬼,時々あり,あり
並,なし,なし
,,
,,
鬼,なし,なし
,,
やや仏,あり,あり
,,
,,
ど仏,なし,あり
ど仏,時々あり,なし
ど仏,,
仏,あり,あり
ど鬼,なし,
,,
,,
,,
やや仏,なし,なし
ど鬼,あり,あり
やや仏,時々あり,あり
仏,時々あり,あり
ど仏,あり,あり
,,
ど仏,時々あり,あり
,,
仏,時々あり,あり
並,時々あり,時々あり
ど仏,なし,あり
ど仏,なし,あり
仏,なし,なし
やや鬼,あり,あり
ど仏,なし,あり
鬼,時々あり,あり
並,あり,あり
仏,時々あり,あり
ど仏,なし,あり
並,なし,あり
並,なし,あり
仏,時々あり,あり
やや鬼,なし,あり
並,時々あり,あり
鬼,時々あり,あり
ど仏,時々あり,あり
ど鬼,,あり
ど鬼,,
ど仏,なし,あり
鬼,あり,あり
ど仏,なし,なし
ど鬼,,
ど鬼,なし,あり
やや仏,なし,時々あり
ど鬼,あり,あり
ど仏,時々あり,時々あり
鬼,あり,あり
ど仏,あり,あり
ど鬼,なし,あり
,,
やや仏,あり,あり
やや仏,なし,あり
鬼,なし,あり
並,あり,あり
仏,なし,なし
,,
鬼,時々あり,あり
やや仏,なし,時々あり
ど鬼,なし,あり
,,
,,
ど鬼,なし,あり
,,
,,
ど鬼,,
,,
,,
,,
鬼,あり,あり
並,なし,時々あり
鬼,,
,時々あり,時々あり
,,
仏,なし,あり
ど仏,あり,あり
仏,なし,あり
,,
,,
仏,あり,
やや仏,なし,なし
,,
,,
ど鬼,なし,あり
鬼,なし,あり
仏,なし,あり
仏,なし,なし
ど鬼,なし,あり
,,
,,
やや仏,なし,あり
やや仏,なし,あり
ど仏,あり,なし
仏,あり,あり
ど仏,なし,時々あり
鬼,あり,あり
並,あり,あり
並,あり,あり
ど仏,なし,なし
仏,なし,なし
やや仏,時々あり,時々あり
ど仏,なし,あり
ど鬼,なし,あり
仏,時々あり,あり
仏,あり,あり
やや仏,時々あり,あり
仏,なし,あり
仏,あり,なし
仏,なし,あり
ど仏,なし,あり
やや鬼,なし,あり
並,なし,あり
やや仏,あり,あり
並,なし,なし
やや鬼,なし,時々あり
やや鬼,なし,時々あり
ど仏,時々あり,あり
やや仏,あり,時々あり
並,なし,あり
ど鬼,なし,あり
やや鬼,なし,あり
仏,なし,あり
ど仏,あり,あり
ど鬼,時々あり,あり
やや鬼,なし,あり
ど仏,なし,あり
並,あり,あり
やや仏,なし,あり
仏,時々あり,
やや鬼,時々あり,あり
鬼,なし,あり
並,あり,あり
ど仏,あり,あり
やや鬼,なし,あり
並,あり,あり
仏,あり,あり
並,なし,あり
ど鬼,なし,あり
鬼,あり,あり
仏,あり,なし
仏,なし,あり
仏,あり,あり
仏,なし,あり
並,なし,あり
ど鬼,あり,あり
ど仏,なし,あり
ど仏,なし,あり
ど鬼,なし,あり
ど仏,なし,あり
並,なし,あり
仏,なし,あり
鬼,あり,あり
仏,なし,なし
ど仏,,あり
並,あり,なし
ど仏,なし,あり
並,なし,あり
,あり,なし
ど仏,あり,なし
仏,なし,なし
やや仏,なし,あり
やや仏,あり,あり
鬼,あり,あり
ど仏,時々あり,あり
やや鬼,なし,あり
並,なし,なし
やや仏,あり,あり
並,なし,あり
並,なし,あり
やや鬼,あり,あり
並,なし,あり
仏,あり,あり
やや鬼,なし,あり
やや鬼,なし,あり
並,なし,あり
やや仏,あり,あり
並,あり,あり
並,なし,あり
並,なし,なし
並,なし,
ど仏,なし,なし
並,時々あり,あり
鬼,時々あり,時々あり
ど仏,なし,なし
ど鬼,なし,なし
ど仏,なし,あり
並,あり,あり
ど仏,あり,あり
並,あり,あり
ど仏,あり,あり
ど仏,あり,あり
やや仏,なし,なし
並,なし,なし
仏,なし,あり
ど仏,あり,時々あり
並,なし,あり
やや仏,なし,あり
仏,あり,あり
仏,なし,あり
ど鬼,あり,時々あり
やや仏,時々あり,あり
仏,時々あり,なし
鬼,あり,あり
並,なし,時々あり
鬼,あり,あり
並,なし,あり
仏,時々あり,なし
仏,なし,あり
やや仏,なし,なし
仏,なし,あり
やや仏,なし,なし
仏,なし,あり
ど仏,なし,あり
仏,あり,あり
やや仏,なし,あり
ど仏,なし,あり
並,なし,あり
並,あり,あり
仏,あり,なし
並,なし,あり
並,あり,あり
仏,なし,なし
鬼,なし,なし
ど仏,あり,なし
ど仏,あり,なし
並,なし,なし
ど仏,なし,なし
ど仏,なし,なし
ど鬼,なし,あり
ど鬼,,
やや仏,なし,なし
ど仏,時々あり,なし
仏,あり,あり
やや仏,なし,なし
,,
並,時々あり,あり
並,時々あり,時々あり
鬼,あり,時々あり
やや仏,なし,なし
ど仏,なし,なし
ど仏,なし,なし
仏,あり,なし
並,なし,なし
仏,なし,なし
ど仏,あり,あり
ど仏,なし,時々あり
仏,あり,あり
鬼,あり,なし
やや鬼,なし,あり
やや鬼,なし,あり
やや仏,なし,あり
やや鬼,なし,あり
ど仏,なし,あり
並,なし,あり
やや鬼,なし,あり
やや仏,なし,あり
やや鬼,時々あり,あり
仏,あり,あり
ど鬼,あり,あり
並,なし,あり
やや鬼,なし,あり
並,あり,あり
,,
仏,なし,なし
並,あり,あり
,,
仏,なし,あり
やや仏,なし,あり
ど仏,なし,あり
仏,あり,あり
やや仏,あり,あり
やや仏,なし,あり
鬼,なし,あり
仏,あり,あり
ど仏,なし,あり
仏,なし,あり
並,あり,
仏,あり,あり
並,あり,あり
鬼,時々あり,時々あり
並,なし,なし
並,あり,あり
やや仏,あり,あり
並,なし,なし
鬼,あり,あり
ど仏,なし,あり
やや仏,あり,あり
ど仏,時々あり,あり
ど仏,なし,なし
やや仏,なし,あり
並,なし,なし
ど仏,なし,なし
仏,なし,なし
鬼,あり,あり
やや仏,なし,なし
仏,時々あり,あり
ど仏,あり,あり
ど鬼,時々あり,あり
並,なし,時々あり
,,
ど鬼,あり,あり
仏,あり,あり
並,あり,あり
仏,なし,あり
やや鬼,あり,あり
並,時々あり,なし
ど仏,なし,なし
仏,あり,あり
やや鬼,時々あり,なし
,,
やや鬼,なし,なし
やや鬼,時々あり,あり
仏,なし,なし
並,あり,あり
鬼,なし,あり
やや鬼,時々あり,時々あり
仏,なし,あり
やや鬼,なし,あり
ど仏,時々あり,あり
やや仏,なし,あり
ど仏,なし,
並,なし,なし
ど鬼,時々あり,あり
やや鬼,あり,あり
仏,なし,時々あり
鬼,なし,時々あり
やや鬼,時々あり,あり
ど鬼,,
ど仏,なし,あり
やや鬼,あり,あり
ど鬼,あり,あり
やや仏,時々あり,なし
並,時々あり,なし
ど鬼,なし,あり
やや鬼,あり,時々あり
鬼,なし,なし
鬼,なし,あり
ど仏,あり,あり
ど仏,あり,あり
ど仏,あり,あり
やや仏,なし,なし
ど鬼,なし,なし
並,あり,あり
仏,なし,あり
仏,あり,あり
ど仏,なし,あり
ど仏,なし,あり
ど仏,なし,あり
仏,なし,あり
仏,なし,時々あり
仏,時々あり,あり
やや仏,なし,あり
並,なし,なし
やや仏,なし,あり
ど仏,なし,あり
並,時々あり,あり
ど鬼,なし,なし
ど仏,なし,あり
ど仏,なし,あり
ど鬼,あり,時々あり
ど鬼,あり,時々あり
ど鬼,なし,なし
やや仏,なし,なし
ど仏,なし,時々あり
並,なし,あり
ど鬼,,あり
仏,あり,なし
ど仏,なし,あり
ど鬼,なし,なし
並,なし,あり
ど仏,あり,あり
ど仏,なし,時々あり
ど仏,あり,あり
ど仏,なし,あり
ど仏,なし,あり
ど鬼,,
ど鬼,,あり
ど鬼,なし,なし
仏,なし,時々あり
鬼,あり,あり
ど仏,時々あり,あり
仏,あり,あり
鬼,なし,なし
仏,時々あり,なし
ど仏,時々あり,あり
ど仏,時々あり,あり
仏,なし,あり
並,なし,あり
並,なし,あり
ど鬼,なし,なし
やや鬼,あり,なし
ど鬼,,あり
仏,時々あり,時々あり
仏,なし,あり
ど仏,なし,あり
ど仏,なし,なし
やや仏,なし,時々あり
並,時々あり,なし
鬼,あり,あり
,時々あり,なし
鬼,あり,あり
鬼,,
並,時々あり,あり
ど仏,なし,あり
鬼,あり,あり
やや仏,なし,あり
ど仏,なし,あり
並,なし,あり
並,なし,あり
並,なし,あり
鬼,なし,あり
鬼,あり,なし
ど仏,あり,あり
ど仏,なし,なし
並,なし,あり
やや仏,あり,あり
ど仏,なし,あり
仏,あり,あり
仏,なし,なし
やや鬼,あり,なし
やや仏,時々あり,なし
ど仏,時々あり,時々あり
仏,なし,あり
ど仏,なし,あり
ど鬼,なし,あり
並,なし,あり
ど鬼,なし,あり
やや鬼,なし,あり
ど鬼,なし,あり
仏,時々あり,なし
ど鬼,時々あり,
ど鬼,あり,なし
ど鬼,あり,あり
やや仏,なし,時々あり
仏,時々あり,なし
ど仏,なし,なし
やや仏,あり,あり
ど仏,なし,なし
ど仏,なし,なし
並,なし,時々あり
やや仏,なし,時々あり
やや仏,なし,時々あり
ど仏,あり,なし
仏,なし,なし
鬼,あり,あり
仏,なし,時々あり
やや仏,なし,なし
やや仏,なし,時々あり
並,なし,あり
やや鬼,時々あり,時々あり
ど鬼,なし,なし
やや仏,時々あり,なし
鬼,なし,なし
やや鬼,時々あり,なし
ど鬼,なし,あり
ど鬼,時々あり,なし
ど鬼,あり,なし
ど仏,あり,あり
ど仏,なし,なし
ど鬼,あり,あり
並,なし,あり
やや仏,なし,あり
仏,あり,あり
ど仏,なし,なし
ど仏,あり,あり
ど仏,,あり
ど仏,なし,なし
ど鬼,なし,あり
やや仏,なし,あり
ど仏,あり,あり
やや仏,なし,時々あり
ど鬼,なし,あり
仏,あり,あり
並,なし,時々あり
並,なし,あり
ど仏,,あり
ど鬼,なし,時々あり
ど鬼,あり,あり
やや仏,あり,あり
並,時々あり,あり
やや仏,あり,なし
仏,時々あり,なし
仏,あり,なし
ど仏,あり,あり
並,なし,なし
ど鬼,なし,なし
やや仏,時々あり,時々あり
やや仏,時々あり,時々あり
並,なし,なし
ど仏,なし,なし
ど仏,なし,なし
仏,時々あり,あり
,,
ど仏,なし,なし
ど鬼,なし,あり
ど仏,あり,なし
やや仏,なし,あり
やや鬼,あり,なし
ど仏,,
仏,なし,なし
,,
ど仏,なし,あり
ど仏,あり,あり
並,あり,時々あり
並,あり,なし
仏,なし,あり
やや仏,なし,あり
ど仏,あり,あり
ど仏,あり,あり
ど仏,あり,あり
やや仏,なし,あり
ど鬼,なし,
やや仏,なし,なし
並,あり,あり
ど仏,あり,あり
並,なし,あり
仏,なし,なし
ど鬼,あり,あり
ど仏,あり,あり
並,あり,あり
ど仏,時々あり,あり
ど仏,あり,あり
仏,時々あり,あり
ど仏,なし,あり
仏,なし,時々あり
仏,なし,時々あり
仏,あり,あり
ど仏,あり,なし
ど仏,あり,あり
並,なし,あり
仏,なし,あり
ど仏,なし,あり
鬼,なし,あり
やや仏,あり,あり
ど鬼,,
鬼,あり,あり
ど仏,なし,あり
やや仏,あり,なし
並,時々あり,なし
ど仏,なし,あり
仏,なし,あり
ど仏,なし,あり
並,時々あり,なし
並,時々あり,なし
ど仏,なし,あり
鬼,あり,あり
仏,なし,あり
ど仏,なし,なし
ど仏,なし,あり
仏,あり,時々あり
並,あり,あり
鬼,あり,あり
やや仏,あり,あり
仏,時々あり,なし
ど仏,あり,なし
仏,時々あり,なし
鬼,時々あり,あり
やや仏,あり,あり
仏,時々あり,あり
仏,時々あり,時々あり
並,なし,あり
鬼,あり,あり
ど仏,あり,あり
やや仏,なし,あり
やや仏,なし,あり
ど仏,なし,あり
ど仏,なし,あり
並,なし,あり
やや鬼,あり,あり
やや鬼,あり,あり
並,あり,なし
並,あり,あり
仏,あり,あり
仏,時々あり,あり
やや仏,なし,あり
並,あり,なし
ど仏,あり,なし
並,なし,あり
ど鬼,なし,あり
並,なし,あり
仏,なし,あり
やや鬼,なし,あり
やや仏,なし,あり
並,あり,あり
やや仏,なし,なし
やや仏,あり,あり
ど鬼,なし,あり
ど仏,あり,あり
ど鬼,あり,あり
並,あり,あり
ど仏,あり,なし
やや仏,あり,なし
ど仏,あり,あり
ど仏,あり,あり
やや鬼,なし,あり
並,なし,あり
仏,時々あり,あり
ど仏,時々あり,あり
仏,時々あり,あり
ど仏,あり,あり
仏,なし,なし
ど仏,時々あり,なし
仏,なし,あり
仏,なし,あり
仏,なし,なし
並,あり,あり
仏,なし,あり
仏,なし,あり
やや仏,あり,なし
やや仏,時々あり,あり
ど仏,時々あり,あり
ど仏,なし,なし
並,なし,なし
仏,なし,なし
並,時々あり,なし
並,時々あり,時々あり
並,なし,あり
鬼,時々あり,なし
やや仏,あり,あり
ど仏,あり,あり
やや仏,,あり
やや仏,なし,あり
仏,あり,あり
やや仏,なし,あり
ど仏,あり,あり
やや仏,あり,あり
やや仏,あり,なし
やや仏,あり,あり
並,なし,なし
ど仏,あり,あり
並,時々あり,なし
ど仏,あり,あり
並,あり,なし
やや仏,なし,なし
やや仏,あり,あり
やや仏,あり,あり
仏,時々あり,なし
並,あり,なし
仏,なし,あり
並,なし,なし
やや鬼,なし,なし
ど仏,なし,あり
仏,なし,あり
仏,なし,あり
並,あり,あり
仏,時々あり,なし
仏,なし,なし
並,時々あり,なし
並,なし,あり
やや仏,なし,あり
やや鬼,なし,なし
仏,時々あり,あり
やや仏,なし,あり
仏,なし,あり
仏,時々あり,なし
仏,あり,あり
ど鬼,なし,なし
並,あり,なし
やや仏,あり,なし
やや仏,あり,なし
ど仏,あり,あり
仏,あり,なし
ど仏,なし,なし
ど仏,なし,なし
ど仏,なし,あり
並,時々あり,あり
仏,なし,なし
ど仏,あり,なし
ど仏,なし,なし
仏,なし,あり
ど仏,あり,あり
ど仏,なし,なし
ど鬼,あり,あり
やや鬼,なし,なし
やや鬼,なし,あり
並,なし,あり
やや鬼,なし,あり
並,なし,あり
やや仏,時々あり,時々あり
やや鬼,なし,なし
ど鬼,なし,なし
ど仏,あり,あり
仏,なし,あり
仏,あり,あり
やや仏,あり,あり
並,なし,なし
ど仏,なし,あり
鬼,なし,あり
並,時々あり,あり
ど仏,あり,あり
ど仏,なし,なし
鬼,なし,あり
ど鬼,なし,あり
やや鬼,なし,なし
並,時々あり,あり
並,なし,あり
仏,なし,時々あり
並,なし,あり
ど仏,あり,あり
仏,なし,なし
並,,
ど仏,なし,あり
並,なし,なし
やや仏,なし,あり
やや仏,なし,なし
やや仏,なし,あり
仏,なし,あり
仏,なし,あり
ど仏,あり,時々あり
仏,あり,あり
ど鬼,なし,時々あり
,時々あり,あり
並,なし,あり
やや仏,なし,あり
やや仏,なし,あり
やや仏,なし,なし
並,なし,なし
並,あり,あり
ど鬼,なし,あり
ど鬼,,
ど仏,あり,あり
ど仏,あり,あり
ど仏,あり,あり
ど仏,あり,あり
ど仏,あり,あり
ど鬼,あり,あり
ど仏,あり,あり
ど鬼,あり,あり
ど仏,あり,あり
ど仏,あり,あり
ど仏,あり,あり
仏,なし,あり
やや鬼,なし,なし
並,なし,あり
仏,,
ど鬼,あり,あり
並,時々あり,時々あり
仏,あり,なし
ど鬼,なし,あり
ど仏,あり,あり
やや仏,なし,あり
やや仏,なし,なし
ど仏,なし,なし
仏,あり,あり
ど仏,なし,なし
やや仏,なし,なし
並,なし,なし
仏,なし,あり
並,あり,あり
ど鬼,あり,なし
ど仏,あり,なし
やや鬼,あり,あり
並,なし,なし
鬼,なし,あり
鬼,なし,あり
やや仏,なし,あり
やや仏,なし,あり
やや仏,なし,あり
仏,なし,あり
ど仏,なし,あり
,,
仏,時々あり,あり
並,なし,あり
ど鬼,あり,なし
仏,,
並,あり,なし
ど仏,時々あり,なし
ど鬼,あり,あり
仏,あり,なし
ど仏,なし,
ど鬼,あり,あり
ど鬼,あり,なし
並,時々あり,あり
ど仏,時々あり,あり
ど仏,なし,あり
仏,時々あり,あり
ど仏,時々あり,あり
並,なし,
並,なし,あり
ど仏,なし,時々あり
ど仏,なし,あり
やや仏,あり,あり
仏,あり,あり
並,なし,あり
仏,なし,あり
並,あり,あり
仏,あり,なし
仏,時々あり,なし
ど鬼,あり,あり
並,なし,あり
並,なし,あり
ど仏,なし,あり
仏,あり,あり
並,あり,なし
仏,なし,なし
やや仏,時々あり,あり
ど仏,時々あり,あり
ど鬼,なし,時々あり
ど鬼,時々あり,あり
ど仏,時々あり,あり
仏,時々あり,なし
ど仏,時々あり,あり
並,なし,あり
ど仏,あり,あり
仏,なし,あり
仏,あり,あり
鬼,あり,なし
,あり,あり
仏,あり,あり
並,なし,あり
やや仏,なし,あり
ど仏,あり,あり
鬼,なし,あり
仏,あり,なし
やや仏,なし,あり
やや仏,あり,
やや鬼,時々あり,あり
やや鬼,あり,あり
並,あり,あり
ど仏,時々あり,あり
ど仏,あり,あり
やや鬼,なし,なし
ど仏,あり,なし
ど仏,なし,なし
やや仏,なし,あり
ど仏,なし,あり
仏,なし,なし
ど仏,あり,あり
並,なし,あり
並,なし,なし
ど仏,なし,あり
仏,あり,時々あり
やや仏,なし,なし
ど仏,なし,なし
並,なし,なし
ど仏,なし,あり
ど仏,あり,なし
仏,なし,あり
ど仏,なし,なし
仏,あり,あり
,なし,時々あり
仏,なし,あり
鬼,あり,なし
仏,なし,あり
仏,あり,あり
仏,なし,あり
仏,なし,なし
仏,時々あり,時々あり
ど仏,なし,あり
仏,あり,時々あり
ど鬼,あり,なし
仏,あり,
並,,あり
並,なし,
やや仏,なし,
並,時々あり,
やや仏,あり,なし
並,なし,なし
並,あり,なし
仏,なし,なし
並,なし,なし
ど仏,あり,あり
仏,なし,なし
並,あり,なし
鬼,,なし
ど仏,あり,あり
並,なし,なし
並,なし,なし
仏,あり,なし
並,なし,なし
ど鬼,あり,あり
ど鬼,なし,あり
並,,
仏,時々あり,
やや仏,なし,あり
やや仏,あり,あり
ど仏,なし,あり
やや仏,あり,なし
ど仏,あり,あり
仏,なし,あり
やや仏,あり,なし
仏,あり,あり
並,なし,あり
やや鬼,あり,あり
並,あり,あり
やや仏,あり,あり
やや仏,時々あり,時々あり
仏,時々あり,なし
やや鬼,時々あり,なし
やや仏,時々あり,なし
並,あり,なし
並,あり,あり
ど仏,なし,なし
並,なし,あり
ど仏,なし,なし
ど鬼,なし,時々あり
仏,あり,あり
ど鬼,あり,あり
やや仏,あり,あり
並,,あり
ど鬼,あり,あり
並,なし,時々あり
ど仏,あり,あり
ど鬼,あり,あり
ど仏,あり,あり
やや仏,,あり
仏,時々あり,なし
ど鬼,あり,あり
ど鬼,あり,あり
ど鬼,,
,,
鬼,なし,あり
並,なし,あり
ど仏,あり,あり
並,あり,あり
仏,あり,あり
ど鬼,あり,あり
ど鬼,あり,あり
ど仏,なし,あり
ど仏,あり,あり
やや仏,あり,なし
ど仏,あり,あり
並,あり,あり
仏,あり,あり
ど鬼,あり,
ど仏,なし,なし
ど鬼,時々あり,時々あり
ど鬼,なし,なし
ど仏,あり,なし
鬼,なし,あり
ど鬼,,
ど鬼,,なし
ど鬼,あり,あり
ど鬼,あり,あり
ど鬼,あり,あり
ど鬼,あり,あり
,,
,,
ど鬼,なし,あり
鬼,あり,あり
並,なし,なし
仏,なし,あり
仏,なし,あり
仏,なし,あり
仏,なし,あり
仏,なし,なし
仏,なし,あり
仏,あり,なし
ど鬼,あり,あり
並,あり,なし
ど鬼,あり,あり
ど仏,時々あり,あり
ど仏,あり,あり
やや鬼,あり,なし
やや鬼,なし,あり
仏,なし,あり
ど仏,あり,あり
やや仏,あり,あり
鬼,なし,あり
やや仏,時々あり,あり
仏,あり,時々あり
ど仏,なし,なし
やや仏,なし,あり
やや仏,あり,あり
ど仏,なし,あり
並,時々あり,あり
鬼,なし,なし
,,
仏,なし,あり
やや仏,あり,あり
やや仏,あり,あり
鬼,なし,あり
並,あり,あり
仏,あり,あり
並,なし,あり
ど鬼,なし,あり
やや仏,あり,あり
仏,なし,なし
並,なし,なし
ど仏,なし,あり
仏,,
ど鬼,あり,あり
ど仏,あり,あり
やや仏,なし,時々あり
仏,なし,時々あり
仏,あり,あり
ど鬼,あり,あり
ど鬼,あり,あり
ど仏,なし,あり
ど仏,なし,あり
鬼,なし,なし
並,なし,あり
やや仏,あり,あり
並,なし,あり
仏,時々あり,なし
やや仏,あり,時々あり
仏,あり,あり
ど仏,なし,なし
やや仏,なし,なし
鬼,あり,あり
ど仏,あり,あり
やや仏,時々あり,時々あり
ど仏,なし,あり
仏,あり,なし
並,あり,あり
ど仏,あり,あり
やや仏,あり,時々あり
やや仏,なし,あり
鬼,なし,あり
ど仏,あり,あり
ど仏,時々あり,なし
仏,時々あり,あり
仏,なし,あり
ど仏,なし,あり
仏,なし,あり
ど鬼,あり,あり
並,なし,なし
やや仏,なし,あり
並,あり,あり
ど仏,なし,あり
ど鬼,あり,あり
ど仏,なし,あり
仏,なし,時々あり
ど仏,なし,あり
ど仏,なし,あり
ど仏,なし,あり
並,なし,あり
仏,なし,あり
ど仏,なし,あり
やや鬼,時々あり,あり
ど仏,あり,あり
ど仏,なし,なし
仏,あり,あり
ど仏,あり,あり
並,あり,あり
仏,なし,あり
仏,時々あり,あり
仏,なし,あり
ど仏,時々あり,あり
やや仏,なし,あり
仏,あり,あり
やや仏,あり,なし
ど仏,なし,あり
鬼,,あり
ど仏,なし,あり
並,なし,あり
鬼,,あり
鬼,あり,あり
仏,あり,
ど仏,あり,なし
ど仏,あり,あり
仏,なし,あり
鬼,なし,あり
ど鬼,なし,あり
ど仏,なし,なし
仏,あり,なし
仏,時々あり,あり
ど仏,なし,なし
やや鬼,あり,あり
やや鬼,なし,なし
並,あり,あり
ど仏,なし,なし
鬼,なし,なし
鬼,あり,なし
仏,なし,なし
鬼,なし,なし
鬼,なし,なし
ど鬼,なし,なし
ど鬼,なし,なし
ど鬼,なし,なし
仏,なし,なし
ど鬼,なし,なし
ど鬼,なし,なし
ど鬼,なし,
やや仏,なし,なし
ど仏,時々あり,あり
仏,なし,あり
ど仏,なし,なし
ど仏,なし,あり
ど仏,なし,なし
鬼,なし,なし
仏,,なし
並,なし,なし
やや鬼,あり,なし
並,なし,なし
ど鬼,なし,なし
ど鬼,なし,なし
ど仏,なし,なし
ど鬼,なし,なし
ど鬼,なし,なし
ど仏,なし,なし
ど鬼,なし,なし
ど仏,なし,なし
ど鬼,なし,なし
ど鬼,なし,なし
仏,あり,あり
ど仏,あり,あり
並,なし,あり
やや仏,なし,あり
ど仏,なし,あり
ど仏,なし,あり
鬼,なし,あり
鬼,時々あり,なし
ど仏,なし,なし
仏,なし,なし
鬼,時々あり,なし
ど仏,時々あり,
やや仏,なし,なし
仏,なし,なし
ど鬼,時々あり,なし
ど仏,なし,なし
仏,あり,あり
仏,なし,あり
仏,あり,あり
並,あり,なし
仏,あり,なし
仏,あり,なし
並,あり,なし
ど鬼,時々あり,あり
仏,なし,あり
鬼,なし,あり
仏,あり,あり
ど仏,なし,なし
ど仏,なし,なし
ど仏,なし,なし
鬼,なし,あり
ど鬼,なし,あり
ど鬼,なし,あり
やや仏,なし,なし
ど仏,なし,なし
仏,なし,なし
仏,なし,あり
仏,なし,
やや仏,あり,あり
ど鬼,,
並,なし,あり
ど仏,あり,あり
やや仏,なし,
並,なし,あり
,あり,あり
仏,あり,あり
やや鬼,なし,あり
仏,あり,なし
仏,時々あり,あり
やや仏,なし,なし
仏,なし,あり
仏,あり,時々あり
仏,なし,あり
ど仏,あり,あり
仏,なし,あり
並,あり,なし
鬼,なし,あり
ど仏,なし,あり
ど鬼,あり,なし
ど仏,なし,なし
並,あり,
ど仏,なし,あり
仏,なし,あり
仏,なし,あり
仏,なし,なし
仏,なし,あり
並,あり,なし
仏,あり,あり
並,なし,あり
ど仏,なし,なし
やや仏,あり,あり
やや仏,あり,あり
やや鬼,時々あり,あり
ど仏,なし,あり
仏,なし,あり
並,時々あり,あり
仏,,
仏,あり,
並,あり,
鬼,,
仏,,
仏,なし,時々あり
やや仏,なし,あり
ど鬼,なし,あり
仏,なし,
仏,なし,あり
仏,なし,あり
やや鬼,あり,なし
ど仏,時々あり,あり
仏,なし,なし
仏,なし,あり
仏,,
仏,なし,なし
ど仏,なし,なし
鬼,,あり
やや仏,,
ど鬼,なし,あり
やや鬼,なし,なし
ど仏,なし,なし
並,なし,
ど仏,なし,あり
ど鬼,なし,あり
ど鬼,あり,あり
やや仏,なし,あり
並,なし,あり
並,なし,あり
鬼,なし,なし
仏,なし,あり
ど仏,あり,あり
ど仏,あり,あり
並,あり,あり
仏,なし,あり
仏,時々あり,時々あり
並,なし,あり
やや仏,なし,あり
やや仏,あり,あり
やや鬼,なし,なし
仏,時々あり,あり
やや鬼,あり,あり
仏,時々あり,あり
ど仏,なし,あり
やや鬼,時々あり,なし
鬼,なし,あり
並,なし,あり
やや仏,あり,なし
ど鬼,なし,あり
仏,なし,あり
ど仏,なし,なし
ど鬼,なし,あり
やや仏,なし,あり
ど仏,あり,あり
ど仏,あり,あり
ど仏,あり,あり
仏,なし,あり
仏,なし,なし
仏,あり,あり
鬼,時々あり,あり
ど仏,なし,あり
鬼,なし,あり
並,あり,なし
仏,なし,時々あり
ど仏,なし,なし
並,なし,なし
やや仏,なし,あり
仏,なし,あり
仏,あり,あり
ど鬼,,あり
やや仏,時々あり,なし
ど仏,なし,あり
並,あり,あり
ど仏,なし,あり
やや鬼,なし,なし
ど仏,あり,あり
並,なし,あり
ど仏,時々あり,あり
やや仏,なし,あり
ど仏,なし,あり
仏,なし,あり
やや鬼,時々あり,あり
やや仏,時々あり,時々あり
ど仏,なし,あり
鬼,なし,あり
ど仏,なし,あり
仏,なし,あり
仏,時々あり,あり
ど鬼,なし,なし
鬼,なし,あり
ど仏,なし,あり
鬼,なし,あり
ど鬼,なし,あり
ど仏,なし,あり
並,あり,あり
仏,あり,あり
やや鬼,あり,なし
仏,なし,なし
やや仏,あり,なし
並,あり,あり
やや仏,なし,なし
仏,なし,あり
仏,なし,あり
仏,あり,あり
仏,なし,あり
やや仏,時々あり,時々あり
仏,あり,あり
ど鬼,なし,なし
並,あり,時々あり
仏,,
仏,,あり
やや仏,あり,あり
並,なし,あり
ど仏,あり,あり
ど仏,時々あり,あり
やや仏,なし,あり
ど仏,時々あり,あり
仏,時々あり,なし
仏,あり,なし
並,あり,時々あり
並,なし,なし
並,なし,なし
仏,時々あり,なし
仏,なし,あり
やや仏,なし,あり
ど仏,なし,なし
やや仏,あり,あり
並,あり,あり
やや鬼,あり,時々あり
やや鬼,なし,あり
仏,なし,あり
仏,なし,あり
並,なし,あり
仏,あり,あり
ど仏,あり,あり
仏,時々あり,あり
ど仏,時々あり,あり
ど仏,なし,あり
ど仏,なし,あり
やや仏,なし,なし
ど仏,なし,なし
並,なし,あり
仏,なし,あり
並,なし,あり
ど仏,なし,あり
仏,なし,時々あり
やや鬼,時々あり,なし
仏,なし,なし
ど仏,あり,あり
ど仏,あり,あり
ど鬼,なし,なし
ど鬼,なし,なし
ど仏,あり,あり
仏,なし,なし
並,時々あり,
やや仏,あり,なし
仏,なし,あり
仏,なし,なし
仏,時々あり,あり
仏,あり,なし
仏,あり,なし
仏,なし,なし
仏,なし,なし
仏,なし,なし
仏,あり,あり
仏,時々あり,
仏,なし,あり
やや仏,なし,なし
並,なし,なし
やや仏,なし,なし
ど仏,なし,あり
ど仏,なし,あり
並,あり,なし
並,なし,あり
並,あり,あり
ど仏,なし,あり
並,,あり
ど鬼,,
ど鬼,なし,なし
鬼,,あり
仏,あり,あり
並,なし,なし
ど鬼,あり,あり
並,あり,あり
やや仏,なし,あり
やや仏,あり,時々あり
やや仏,なし,あり
並,なし,あり
鬼,あり,時々あり
ど鬼,,
仏,時々あり,時々あり
ど鬼,時々あり,時々あり
ど鬼,時々あり,時々あり
ど仏,なし,あり
やや鬼,なし,あり
並,なし,あり
仏,なし,あり
ど仏,なし,あり
並,なし,あり
仏,時々あり,なし
やや鬼,あり,なし
鬼,あり,時々あり
やや仏,なし,あり
並,なし,あり
ど仏,なし,あり
並,なし,あり
ど仏,なし,あり
ど仏,なし,あり
ど仏,なし,あり
やや仏,なし,あり
鬼,,時々あり
ど仏,時々あり,なし
ど仏,なし,あり
ど鬼,あり,なし
ど仏,なし,なし
ど仏,あり,なし
やや仏,あり,あり
ど鬼,あり,あり
ど鬼,あり,なし
鬼,あり,
,,
仏,,
並,時々あり,あり
仏,なし,あり
ど鬼,,
ど仏,,なし
並,時々あり,なし
ど仏,なし,時々あり
やや仏,あり,あり
ど仏,なし,なし
やや仏,あり,あり
仏,あり,あり
,,
仏,あり,あり
ど仏,時々あり,あり
やや仏,あり,あり
やや仏,時々あり,あり
やや仏,時々あり,あり
鬼,なし,あり
ど鬼,,
やや鬼,あり,あり
仏,なし,あり
鬼,時々あり,あり
並,あり,あり
やや鬼,あり,時々あり
やや鬼,なし,あり
やや仏,あり,あり
並,あり,時々あり
並,なし,あり
やや鬼,なし,なし
仏,なし,あり
並,あり,あり
ど仏,なし,なし
ど仏,あり,なし
鬼,時々あり,あり
ど鬼,あり,あり
仏,なし,なし
鬼,あり,あり
ど仏,なし,あり
並,なし,あり
やや仏,時々あり,あり
仏,なし,あり
並,なし,あり
仏,時々あり,なし
やや鬼,あり,あり
並,あり,あり
仏,なし,あり
やや鬼,あり,あり
やや仏,あり,あり
ど鬼,時々あり,時々あり
やや仏,あり,あり
ど鬼,なし,時々あり
並,なし,あり
ど鬼,なし,あり
仏,あり,あり
ど仏,あり,あり
ど仏,なし,あり
仏,なし,なし
ど仏,あり,あり
やや鬼,なし,なし
ど仏,なし,時々あり
並,あり,あり
ど仏,なし,なし
ど仏,なし,あり
ど鬼,あり,あり
ど仏,あり,なし
やや仏,時々あり,なし
やや鬼,あり,なし
ど仏,あり,時々あり
ど鬼,なし,あり
ど仏,あり,あり
ど仏,あり,あり
ど鬼,あり,あり
ど鬼,あり,あり
仏,あり,あり
並,,あり
ど鬼,あり,なし
並,時々あり,あり
やや仏,なし,なし
仏,時々あり,あり
仏,時々あり,なし
仏,なし,あり
仏,あり,あり
並,あり,あり
並,なし,なし
やや仏,時々あり,なし
仏,なし,あり
並,あり,時々あり
仏,なし,あり
仏,あり,なし
ど仏,なし,なし
並,時々あり,あり
やや仏,時々あり,あり
やや仏,時々あり,時々あり
やや仏,なし,なし
やや鬼,なし,なし
ど仏,あり,なし
ど仏,なし,なし
やや鬼,なし,なし
ど仏,時々あり,あり
やや仏,あり,あり
ど仏,なし,あり
やや仏,あり,あり
並,あり,時々あり
鬼,なし,あり
やや仏,時々あり,あり
並,なし,あり
並,なし,時々あり
ど仏,,
ど仏,時々あり,時々あり
仏,あり,なし
ど仏,,
やや仏,,
鬼,あり,なし
ど仏,あり,なし
ど鬼,あり,あり
ど仏,あり,あり
ど仏,時々あり,あり
ど仏,なし,なし
仏,あり,時々あり
ど仏,あり,あり
ど仏,あり,あり
ど仏,あり,あり
ど仏,あり,あり
ど仏,なし,あり
やや仏,なし,なし
ど鬼,時々あり,時々あり
鬼,あり,あり
やや仏,なし,時々あり
やや仏,なし,あり
仏,なし,あり
並,なし,あり
並,なし,あり
ど鬼,あり,あり
並,あり,あり
やや仏,あり,あり
並,なし,あり
並,あり,なし
仏,時々あり,あり
やや仏,あり,あり
仏,なし,あり
やや仏,なし,なし
やや鬼,なし,あり
並,あり,あり
やや仏,なし,あり
ど仏,時々あり,あり
ど仏,時々あり,あり
並,あり,あり
並,なし,あり
やや仏,あり,あり
仏,なし,なし
ど仏,なし,あり
仏,あり,なし
ど仏,時々あり,時々あり
仏,なし,なし
ど仏,なし,なし
並,あり,あり
仏,なし,なし
並,なし,あり
仏,あり,あり
ど仏,,
並,あり,あり
やや鬼,なし,なし
ど仏,,あり
ど仏,なし,あり
並,なし,なし
並,なし,なし
やや鬼,なし,あり
仏,時々あり,あり
ど仏,なし,あり
やや仏,なし,なし
やや仏,あり,時々あり
仏,あり,あり
ど仏,あり,あり
鬼,時々あり,あり
ど鬼,あり,あり
仏,なし,あり
仏,なし,あり
仏,あり,あり
ど仏,なし,あり
ど鬼,あり,あり
やや仏,なし,時々あり
ど鬼,あり,あり
鬼,なし,あり
ど仏,,あり
ど仏,なし,あり
やや鬼,なし,あり
ど鬼,なし,あり
ど仏,なし,あり
並,なし,あり
並,あり,あり
ど鬼,あり,あり
並,あり,あり
やや鬼,あり,あり
ど仏,なし,あり
ど仏,時々あり,あり
やや鬼,あり,あり
ど鬼,あり,あり
ど仏,時々あり,なし
ど鬼,なし,あり
仏,時々あり,あり
仏,あり,あり
ど鬼,あり,あり
仏,あり,なし
ど仏,あり,あり
鬼,あり,あり
やや鬼,あり,
やや仏,あり,あり
ど仏,なし,あり
仏,あり,あり
並,時々あり,あり
並,時々あり,なし
ど仏,なし,なし
やや仏,時々あり,なし
やや仏,あり,あり
仏,あり,あり
ど鬼,あり,あり
やや鬼,,あり
やや鬼,あり,あり
仏,時々あり,あり
仏,なし,あり
ど鬼,あり,なし
鬼,時々あり,あり
仏,時々あり,あり
仏,あり,時々あり
並,あり,なし
やや仏,なし,あり
仏,なし,あり
やや仏,あり,あり
やや鬼,時々あり,時々あり
仏,あり,あり
仏,なし,あり
仏,なし,あり
仏,なし,あり
仏,あり,あり
仏,あり,あり
仏,なし,あり
並,時々あり,あり
仏,なし,時々あり
並,,あり
並,あり,あり
並,あり,時々あり
ど仏,なし,なし
並,なし,あり
ど仏,あり,あり
鬼,なし,あり
仏,あり,あり
やや鬼,あり,なし
並,なし,あり
やや鬼,なし,あり
仏,時々あり,あり
ど仏,なし,あり
やや仏,なし,あり
仏,なし,あり
やや鬼,なし,あり
ど仏,あり,あり
ど仏,なし,なし
仏,なし,あり
仏,なし,なし
並,なし,なし
ど仏,なし,あり
ど仏,なし,あり
ど仏,なし,あり
並,なし,あり
鬼,なし,あり
ど仏,なし,あり
鬼,なし,あり
鬼,あり,あり
並,なし,あり
仏,なし,なし
仏,なし,なし
仏,なし,なし
仏,なし,なし
ど仏,なし,なし
仏,あり,あり
鬼,あり,
やや仏,あり,あり
やや仏,あり,あり
やや仏,なし,なし
やや仏,あり,なし
やや鬼,なし,あり
仏,なし,あり
仏,あり,時々あり
仏,なし,あり
ど仏,なし,なし
並,時々あり,なし
仏,なし,なし
並,なし,なし
仏,時々あり,あり
仏,なし,なし
ど仏,なし,なし
ど仏,なし,なし
ど鬼,あり,あり
やや仏,なし,なし
仏,なし,なし
並,なし,なし
並,なし,なし
仏,なし,なし
仏,なし,あり
やや鬼,あり,あり
仏,なし,なし
仏,なし,なし
並,なし,なし
ど鬼,なし,なし
仏,なし,あり
ど鬼,時々あり,あり
やや仏,なし,あり
ど鬼,なし,なし
仏,あり,なし
仏,なし,あり
仏,なし,なし
やや仏,なし,なし
ど鬼,なし,あり
ど仏,なし,あり
並,なし,あり
仏,なし,あり
仏,なし,あり
やや鬼,なし,なし
仏,なし,なし
鬼,,
ど仏,なし,あり
仏,あり,あり
並,あり,あり
並,なし,なし
やや仏,なし,あり
やや鬼,なし,あり
やや仏,あり,あり
鬼,あり,あり
ど仏,あり,あり
ど仏,なし,なし
ど仏,時々あり,あり
やや仏,なし,なし
鬼,なし,なし
やや仏,なし,あり
並,なし,あり
鬼,あり,あり
やや鬼,なし,あり
ど仏,なし,あり
ど鬼,あり,なし
並,なし,なし
並,なし,あり
ど鬼,なし,あり
ど仏,なし,あり
やや仏,なし,あり
ど鬼,なし,あり
仏,時々あり,あり
ど鬼,時々あり,時々あり
やや仏,時々あり,あり
やや仏,あり,あり
やや鬼,なし,あり
やや鬼,なし,あり
,,
ど鬼,あり,あり
ど鬼,あり,なし
ど鬼,あり,あり
ど仏,なし,あり
ど鬼,あり,あり
ど鬼,あり,あり
鬼,,あり
ど鬼,あり,あり
やや仏,なし,あり
ど仏,あり,時々あり
ど鬼,,
やや仏,あり,時々あり
仏,時々あり,あり
,,
やや鬼,あり,あり
,,
やや仏,なし,あり
鬼,なし,
仏,あり,時々あり
並,,
やや鬼,あり,なし
やや仏,なし,あり
仏,なし,なし
仏,なし,
仏,なし,
仏,なし,
やや鬼,あり,あり
やや仏,,あり
並,あり,あり
仏,なし,あり
仏,,
ど仏,なし,あり
ど仏,なし,あり
仏,なし,
やや仏,なし,
並,あり,あり
仏,時々あり,時々あり
やや仏,時々あり,あり
やや仏,時々あり,あり
仏,なし,時々あり
仏,時々あり,あり
仏,なし,あり
仏,なし,あり
ど鬼,なし,
やや仏,なし,あり
やや仏,なし,あり
やや仏,なし,あり
やや仏,なし,あり
ど仏,なし,あり
,,
やや鬼,なし,あり
ど鬼,あり,あり
仏,なし,なし
仏,,
仏,なし,あり
鬼,時々あり,なし
並,時々あり,あり
やや鬼,時々あり,なし
仏,なし,あり
やや仏,なし,あり
並,なし,あり
ど鬼,なし,なし
仏,あり,あり
やや鬼,なし,なし
並,なし,なし
ど仏,なし,時々あり
ど仏,なし,あり
仏,なし,あり
鬼,なし,なし
仏,あり,あり
ど仏,なし,なし
並,なし,あり
並,あり,あり
仏,時々あり,あり
仏,あり,あり
やや鬼,なし,なし
やや仏,なし,あり
やや仏,なし,あり
並,時々あり,あり
並,あり,あり
やや鬼,あり,あり
並,時々あり,あり
仏,時々あり,あり
並,なし,あり
ど仏,なし,なし
やや仏,あり,あり
やや仏,時々あり,あり
仏,あり,あり
やや鬼,なし,あり
仏,なし,なし
ど仏,なし,あり
ど仏,なし,あり
ど仏,なし,あり
並,あり,あり
やや仏,あり,あり
ど仏,あり,あり
仏,あり,時々あり
仏,なし,なし
仏,なし,なし
仏,なし,あり
仏,あり,あり
仏,なし,時々あり
仏,なし,あり
仏,なし,あり
やや仏,あり,あり
並,なし,なし
やや仏,なし,あり
ど鬼,あり,時々あり
仏,あり,あり
鬼,あり,時々あり
ど鬼,あり,時々あり
ど仏,あり,あり
ど仏,時々あり,あり
やや仏,あり,あり
仏,なし,なし
ど鬼,あり,
仏,あり,あり
やや仏,あり,あり
ど鬼,あり,あり
鬼,あり,あり
ど鬼,なし,あり
ど仏,時々あり,あり
やや仏,あり,あり
やや鬼,,
仏,なし,なし
仏,時々あり,あり
ど仏,時々あり,あり
ど鬼,あり,あり
仏,時々あり,時々あり
鬼,あり,あり
ど鬼,あり,あり
仏,あり,時々あり
並,あり,あり
やや鬼,あり,あり
やや仏,あり,あり
並,あり,あり
仏,時々あり,あり
並,なし,なし
やや仏,あり,なし
やや仏,あり,あり
並,なし,なし
ど仏,なし,なし
仏,なし,時々あり
並,なし,あり
並,あり,なし
やや仏,なし,なし
やや鬼,なし,あり
やや仏,なし,あり
やや鬼,時々あり,時々あり
並,あり,なし
並,なし,なし
仏,あり,あり
,,あり
,,
やや仏,なし,
やや仏,なし,時々あり
仏,あり,あり
仏,なし,あり
仏,なし,なし
やや仏,なし,あり
やや仏,あり,あり
ど仏,あり,なし
並,あり,あり
仏,あり,時々あり
仏,なし,あり
やや仏,あり,あり
やや鬼,なし,なし
ど仏,なし,なし
ど鬼,あり,あり
ど仏,なし,時々あり
ど仏,あり,あり
ど仏,あり,あり
やや仏,あり,あり
ど仏,なし,時々あり
やや鬼,なし,なし
仏,あり,あり
ど仏,あり,時々あり
やや仏,時々あり,時々あり
鬼,あり,時々あり
仏,あり,あり
仏,あり,あり
ど仏,なし,あり
仏,時々あり,あり
仏,なし,なし
仏,あり,あり
並,なし,あり
仏,時々あり,あり
やや仏,時々あり,時々あり
並,あり,あり
やや仏,なし,なし
やや仏,時々あり,時々あり
仏,なし,なし
仏,なし,あり
仏,時々あり,あり
仏,時々あり,なし
やや鬼,なし,あり
ど仏,なし,あり
並,なし,なし
ど仏,なし,あり
ど鬼,あり,あり
やや仏,あり,あり
仏,なし,なし
仏,なし,あり
仏,なし,あり
並,なし,あり
仏,あり,あり
鬼,なし,なし
ど仏,なし,あり
並,なし,あり
やや仏,時々あり,なし
やや仏,時々あり,あり
仏,なし,あり
仏,なし,あり
仏,なし,なし
ど仏,なし,なし
ど仏,あり,あり
仏,あり,あり
仏,あり,あり
仏,あり,あり
仏,なし,あり
仏,あり,なし
やや仏,なし,あり
ど仏,なし,あり
ど仏,あり,あり
仏,あり,あり
鬼,あり,あり
仏,あり,あり
やや仏,あり,あり
やや仏,あり,あり
仏,なし,あり
仏,あり,あり
並,なし,なし
ど仏,あり,あり
ど仏,なし,あり
仏,あり,あり
仏,時々あり,あり
仏,なし,あり
やや鬼,時々あり,あり
並,時々あり,あり
鬼,あり,あり
やや鬼,あり,
鬼,あり,あり
ど仏,,
ど仏,あり,あり
並,なし,あり
並,時々あり,あり
ど仏,なし,あり
鬼,時々あり,あり
やや鬼,あり,あり
やや鬼,あり,
やや鬼,なし,なし
ど鬼,時々あり,あり
やや仏,なし,あり
ど仏,時々あり,あり
やや仏,あり,あり
やや仏,あり,あり
ど仏,なし,なし
並,なし,あり
ど仏,なし,あり
仏,時々あり,なし
鬼,あり,あり
仏,時々あり,あり
ど鬼,なし,なし
並,なし,あり
ど鬼,,
鬼,あり,あり
ど鬼,あり,あり
やや鬼,あり,時々あり
仏,あり,あり
やや鬼,あり,あり
並,なし,なし
やや仏,あり,あり
並,あり,あり
ど鬼,あり,時々あり
仏,なし,時々あり
並,あり,なし
やや仏,あり,なし
仏,あり,なし
並,あり,時々あり
ど仏,なし,あり
仏,なし,なし
仏,なし,なし
ど仏,あり,時々あり
ど鬼,あり,あり
鬼,時々あり,あり
仏,なし,なし
ど仏,なし,あり
並,あり,なし
やや鬼,なし,あり
仏,あり,あり
並,なし,なし
仏,あり,あり
仏,なし,なし
並,なし,あり
ど鬼,なし,あり
並,あり,なし
仏,あり,あり
仏,なし,あり
ど仏,時々あり,あり
やや仏,あり,あり
ど仏,なし,時々あり
ど仏,なし,あり
やや鬼,あり,なし
やや仏,なし,あり
ど仏,なし,あり
鬼,なし,あり
,なし,あり
仏,なし,あり
ど仏,なし,なし
ど鬼,あり,あり
鬼,あり,あり
仏,なし,あり
並,時々あり,時々あり
やや仏,なし,あり
並,あり,時々あり
仏,時々あり,時々あり
仏,あり,あり
やや鬼,なし,あり
鬼,あり,なし
ど仏,あり,あり
仏,なし,あり
やや仏,あり,あり
ど仏,あり,あり
鬼,,あり
並,あり,
やや仏,,あり
並,なし,あり
ど仏,あり,あり
やや仏,あり,あり
ど仏,あり,あり
仏,時々あり,なし
並,なし,あり
やや鬼,なし,
ど仏,なし,あり
ど仏,時々あり,あり
仏,なし,なし
やや仏,あり,なし
並,あり,あり
仏,なし,あり
仏,あり,あり
鬼,あり,あり
仏,あり,あり
やや鬼,あり,あり
やや仏,なし,なし
並,あり,あり
仏,あり,あり
ど仏,なし,あり
仏,なし,あり
やや仏,なし,なし
やや鬼,なし,なし
やや仏,あり,あり
ど仏,なし,あり
鬼,あり,あり
仏,あり,あり
ど仏,なし,あり
並,なし,あり
仏,あり,なし
仏,なし,あり
ど仏,あり,あり
仏,なし,あり
仏,なし,あり
ど鬼,あり,あり
やや仏,あり,あり
仏,時々あり,なし
鬼,時々あり,あり
鬼,あり,あり
仏,あり,あり
やや仏,あり,なし
やや鬼,なし,あり
やや仏,時々あり,なし
やや鬼,なし,あり
やや仏,時々あり,あり
やや鬼,なし,あり
仏,時々あり,なし
並,なし,時々あり
並,あり,あり
並,あり,あり
やや鬼,なし,あり
やや仏,なし,あり
ど仏,なし,なし
並,あり,なし
やや仏,あり,なし
仏,あり,なし
ど仏,なし,あり
やや仏,なし,あり
仏,なし,あり
仏,時々あり,時々あり
やや仏,なし,あり
仏,あり,なし
鬼,なし,時々あり
仏,なし,あり
やや仏,あり,あり
仏,なし,なし
やや鬼,あり,あり
仏,あり,あり
やや仏,なし,あり
ど仏,時々あり,あり
仏,なし,あり
並,なし,あり
並,なし,なし
並,あり,あり
仏,なし,あり
ど鬼,あり,あり
鬼,あり,あり
ど仏,なし,なし
ど仏,なし,あり
鬼,なし,なし
仏,なし,
仏,あり,あり
仏,時々あり,あり
仏,なし,なし
並,あり,あり
ど鬼,,あり
並,あり,あり
仏,なし,なし
やや仏,なし,あり
仏,時々あり,なし
仏,あり,あり
やや仏,なし,あり
鬼,あり,なし
並,あり,あり
鬼,あり,あり
並,あり,時々あり
仏,なし,あり
鬼,あり,あり
並,あり,あり
やや仏,あり,あり
ど仏,あり,あり
ど仏,時々あり,時々あり
仏,なし,時々あり
仏,なし,あり
やや鬼,あり,あり
仏,時々あり,あり
仏,あり,
仏,あり,あり
ど仏,なし,あり
やや鬼,あり,あり
並,なし,あり
ど鬼,あり,あり
やや鬼,なし,あり
やや鬼,なし,なし
やや仏,あり,あり
仏,あり,あり
ど仏,なし,あり
やや仏,なし,あり
やや鬼,あり,あり
仏,時々あり,あり
仏,なし,あり
やや鬼,なし,あり
やや鬼,なし,あり
仏,あり,あり
仏,あり,あり
鬼,なし,あり
並,あり,なし
やや仏,なし,あり
ど仏,なし,あり
ど仏,なし,あり
鬼,なし,なし
鬼,時々あり,時々あり
やや仏,時々あり,あり
やや仏,時々あり,なし
並,時々あり,あり
やや仏,時々あり,あり
ど仏,なし,時々あり
やや仏,あり,あり
鬼,あり,なし
やや仏,あり,あり
仏,あり,あり
仏,なし,時々あり
やや仏,なし,あり
仏,時々あり,なし
やや仏,あり,あり
ど鬼,あり,時々あり
ど仏,なし,あり
仏,あり,なし
ど仏,なし,あり
ど鬼,なし,あり
並,あり,あり
やや鬼,なし,なし
仏,なし,時々あり
鬼,あり,なし
鬼,時々あり,あり
やや仏,時々あり,あり
並,なし,あり
やや仏,あり,時々あり
仏,あり,あり
やや仏,なし,あり
仏,時々あり,あり
やや仏,なし,あり
鬼,なし,時々あり
やや鬼,あり,なし
やや鬼,なし,あり
ど仏,なし,あり
並,あり,あり
やや鬼,あり,あり
並,あり,あり
仏,あり,あり
仏,なし,あり
ど仏,あり,時々あり
やや仏,あり,なし
鬼,なし,なし
ど仏,時々あり,なし
やや鬼,なし,あり
ど仏,なし,なし
ど仏,なし,なし
ど鬼,なし,なし
ど鬼,なし,なし
仏,なし,なし
,,
仏,なし,あり
並,なし,あり
仏,なし,あり
ど鬼,あり,時々あり
ど仏,なし,あり
やや仏,なし,あり
ど仏,時々あり,なし
ど仏,なし,あり
やや仏,時々あり,時々あり
ど仏,なし,あり
やや仏,なし,なし
ど仏,なし,時々あり
仏,なし,あり
ど仏,なし,あり
ど仏,なし,時々あり
鬼,なし,なし
並,あり,なし
並,なし,時々あり
仏,あり,なし
ど鬼,あり,時々あり
やや仏,時々あり,なし
仏,あり,時々あり
並,あり,なし
ど鬼,,
やや鬼,あり,あり
ど鬼,なし,なし
やや仏,なし,あり
ど仏,なし,なし
やや鬼,なし,あり
ど仏,なし,なし
ど鬼,あり,時々あり
ど鬼,あり,時々あり
ど仏,,あり
ど仏,なし,あり
やや仏,あり,あり
鬼,あり,なし
並,なし,あり
並,時々あり,あり
やや鬼,時々あり,あり
ど鬼,あり,あり
鬼,あり,なし
並,時々あり,あり
ど鬼,時々あり,あり
鬼,あり,あり
,,
仏,なし,なし
ど仏,なし,あり
鬼,あり,時々あり
仏,なし,あり
やや鬼,,時々あり
鬼,時々あり,なし
ど仏,なし,あり
並,なし,あり
仏,なし,あり
やや仏,なし,なし
仏,なし,あり
仏,なし,なし
ど仏,なし,時々あり
並,あり,あり
やや仏,なし,なし
ど仏,時々あり,あり
やや鬼,なし,時々あり
並,時々あり,なし
仏,なし,あり
鬼,あり,あり
ど仏,なし,あり
並,あり,あり
ど仏,あり,時々あり
ど鬼,なし,あり
仏,あり,あり
やや仏,なし,あり
やや仏,なし,なし
やや仏,時々あり,あり
ど仏,時々あり,あり
やや仏,なし,あり
仏,なし,あり
鬼,なし,時々あり
鬼,なし,あり
ど仏,なし,あり
仏,時々あり,時々あり
仏,あり,あり
ど仏,なし,あり
仏,なし,あり
ど仏,なし,あり
仏,なし,なし
ど仏,時々あり,あり
やや鬼,あり,時々あり
やや仏,時々あり,時々あり
ど仏,なし,あり
ど仏,なし,あり
やや仏,あり,あり
並,あり,あり
やや仏,なし,なし
ど鬼,なし,あり
ど仏,あり,あり
やや仏,時々あり,あり
やや仏,なし,あり
やや仏,なし,あり
仏,なし,なし
,あり,あり
やや鬼,あり,あり
ど仏,なし,あり
ど仏,,
ど鬼,なし,あり
鬼,あり,あり
ど仏,なし,なし
ど仏,なし,なし
ど仏,なし,なし
仏,あり,あり
ど仏,,
ど仏,なし,なし
ど仏,なし,なし
ど鬼,あり,あり
ど仏,なし,あり
やや鬼,時々あり,あり
やや仏,あり,あり
,時々あり,時々あり
やや鬼,あり,あり
ど鬼,なし,なし
ど仏,時々あり,あり
ど鬼,あり,なし
やや鬼,あり,あり
ど鬼,なし,時々あり
鬼,,
ど仏,なし,あり
鬼,あり,なし
鬼,なし,時々あり
ど鬼,あり,あり
鬼,あり,あり
ど鬼,なし,あり
ど仏,なし,あり
並,あり,あり
やや仏,あり,あり
鬼,なし,あり
鬼,,
並,なし,あり
仏,なし,なし
並,あり,あり
ど鬼,なし,あり
ど鬼,,
やや仏,あり,あり
仏,なし,時々あり
仏,あり,あり
仏,あり,あり
並,あり,あり
ど仏,あり,あり
仏,時々あり,あり
仏,時々あり,あり
ど仏,あり,あり
やや仏,時々あり,時々あり
ど仏,時々あり,時々あり
並,あり,あり
ど鬼,あり,なし
鬼,あり,あり
ど鬼,あり,あり
ど仏,あり,あり
ど仏,なし,あり
並,あり,なし
並,なし,時々あり
やや仏,なし,あり
やや仏,なし,なし
鬼,あり,時々あり
並,なし,あり
仏,あり,あり
ど仏,なし,なし
仏,時々あり,あり
ど仏,なし,あり
仏,なし,時々あり
ど仏,なし,あり
仏,あり,あり
ど鬼,,
ど仏,なし,あり
ど鬼,あり,あり
やや仏,あり,時々あり
やや仏,なし,あり
並,,あり
仏,なし,なし
やや仏,あり,あり
仏,なし,あり
仏,なし,あり
並,あり,あり
やや仏,あり,あり
並,あり,あり
仏,なし,あり
並,あり,あり
仏,あり,あり
並,,
鬼,あり,あり
仏,なし,あり
やや仏,あり,なし
やや仏,なし,時々あり
ど仏,時々あり,なし
ど仏,あり,あり
鬼,あり,あり
仏,時々あり,
並,なし,なし
仏,なし,あり
鬼,時々あり,あり
ど仏,時々あり,あり
やや仏,時々あり,あり
やや仏,あり,なし
仏,あり,
仏,なし,なし
やや鬼,なし,あり
やや鬼,なし,あり
ど仏,あり,なし
仏,あり,あり
並,,
並,なし,あり
並,なし,時々あり
仏,なし,あり
ど仏,時々あり,あり
並,あり,あり
,時々あり,時々あり
並,時々あり,時々あり
仏,なし,あり
やや鬼,あり,あり
やや仏,なし,あり
仏,あり,時々あり
仏,あり,なし
並,時々あり,時々あり
やや仏,なし,あり
仏,なし,あり
やや仏,,
仏,時々あり,あり
並,なし,あり
並,なし,なし
鬼,時々あり,時々あり
やや鬼,なし,あり
仏,あり,時々あり
仏,なし,なし
ど仏,あり,なし
仏,なし,なし
ど仏,あり,なし
仏,あり,あり
仏,なし,あり
仏,なし,あり
ど仏,あり,あり
仏,なし,あり
並,なし,あり
仏,あり,あり
並,なし,なし
やや仏,あり,あり
やや仏,なし,なし
やや仏,時々あり,あり
ど仏,なし,あり
やや仏,なし,なし
並,なし,あり
ど鬼,なし,あり
仏,時々あり,あり
並,時々あり,あり
仏,あり,あり
ど仏,あり,あり
並,なし,なし
仏,なし,なし
仏,時々あり,あり
やや仏,あり,あり
並,あり,あり
並,なし,あり
並,なし,あり
ど仏,なし,なし
並,なし,なし
やや鬼,なし,あり
仏,なし,なし
やや仏,なし,なし
仏,あり,なし
ど仏,なし,あり
ど仏,あり,あり
やや仏,時々あり,あり
仏,なし,あり
仏,なし,あり
仏,時々あり,あり
ど仏,なし,あり
仏,あり,あり
仏,なし,あり
やや仏,なし,なし
やや仏,,なし
やや仏,,あり
仏,あり,あり
やや鬼,なし,あり
仏,あり,あり
仏,なし,あり
並,あり,なし
並,時々あり,なし
ど仏,なし,あり
仏,なし,あり
鬼,,
ど仏,なし,なし
仏,あり,なし
並,なし,なし
仏,なし,なし
やや仏,なし,あり
仏,時々あり,あり
並,なし,あり
並,なし,あり
やや仏,なし,あり
やや仏,なし,なし
並,あり,あり
ど仏,時々あり,あり
鬼,なし,あり
ど仏,あり,あり
仏,あり,あり
やや仏,なし,なし
仏,なし,あり
鬼,あり,あり
仏,あり,あり
やや仏,あり,あり
やや仏,なし,あり
仏,なし,あり
ど鬼,あり,あり
やや鬼,あり,あり
並,なし,なし
やや仏,あり,あり
仏,時々あり,あり
やや仏,なし,あり
並,なし,あり
仏,なし,なし
ど仏,なし,あり
やや仏,時々あり,あり
やや仏,あり,あり
やや仏,なし,あり
仏,あり,あり
仏,時々あり,あり
ど仏,なし,あり
ど仏,なし,なし
ど仏,時々あり,なし
ど仏,なし,なし
仏,なし,あり
やや仏,時々あり,あり
ど仏,あり,なし
並,,あり
やや仏,なし,なし
ど仏,なし,なし
並,なし,あり
並,なし,あり
やや鬼,なし,なし
並,なし,なし
並,なし,あり
やや仏,なし,あり
ど仏,あり,あり
やや仏,なし,時々あり
ど仏,あり,なし
仏,時々あり,あり
やや仏,なし,あり
やや仏,あり,あり
ど仏,なし,なし
やや鬼,時々あり,時々あり
やや仏,なし,あり
仏,なし,あり
やや仏,なし,あり
ど仏,なし,あり
仏,なし,あり
ど鬼,なし,時々あり
ど鬼,なし,時々あり
ど仏,なし,なし
並,なし,時々あり
やや鬼,なし,あり
ど仏,なし,あり
仏,なし,あり
並,あり,あり
並,なし,なし
並,なし,あり
並,あり,なし
やや仏,あり,なし
並,なし,時々あり
並,あり,あり
やや仏,あり,あり
鬼,時々あり,時々あり
やや仏,あり,あり
ど仏,なし,あり
仏,なし,時々あり
ど仏,なし,なし
仏,なし,なし
仏,あり,あり
やや鬼,時々あり,あり
並,あり,あり
ど仏,なし,あり
鬼,なし,あり
並,なし,あり
ど仏,なし,あり
仏,なし,なし
鬼,なし,あり
ど仏,なし,あり
並,あり,あり
ど仏,なし,あり
並,あり,あり
ど仏,時々あり,なし
ど仏,あり,あり
ど仏,なし,なし
ど仏,なし,なし
仏,あり,なし
やや仏,なし,あり
並,なし,なし
やや鬼,なし,時々あり
ど仏,なし,なし
仏,あり,あり
仏,なし,あり
仏,なし,あり
ど仏,時々あり,あり
仏,なし,あり
並,あり,あり
仏,なし,あり
仏,なし,あり
鬼,なし,あり
,,
ど仏,あり,あり
ど仏,あり,あり
並,なし,なし
仏,あり,時々あり
ど鬼,なし,あり
ど鬼,時々あり,なし
並,なし,あり
ど仏,なし,時々あり
ど仏,なし,あり
鬼,あり,あり
仏,なし,あり
ど仏,なし,なし
仏,,なし
ど鬼,時々あり,あり
鬼,なし,なし
ど仏,なし,あり
ど仏,なし,なし
ど仏,時々あり,なし
ど鬼,,
ど鬼,なし,なし
ど仏,なし,なし
ど鬼,なし,あり
ど鬼,なし,なし
ど鬼,あり,あり
ど鬼,あり,あり
ど鬼,あり,あり
ど鬼,あり,あり
並,なし,あり
仏,あり,あり
ど仏,時々あり,あり
並,なし,なし
ど鬼,時々あり,なし
並,なし,あり
鬼,あり,あり
ど鬼,あり,あり
鬼,なし,あり
鬼,なし,あり
ど鬼,なし,時々あり
並,あり,なし
ど仏,なし,時々あり
ど仏,なし,あり
並,あり,あり
仏,時々あり,あり
やや鬼,なし,なし
ど鬼,なし,あり
ど鬼,なし,あり
並,なし,あり
鬼,なし,あり
仏,あり,あり
鬼,あり,あり
鬼,あり,あり
ど鬼,なし,なし
やや鬼,なし,あり
並,時々あり,あり
並,あり,あり
ど鬼,,
,,
,,
やや鬼,あり,あり
,あり,あり
,あり,あり
,,
並,あり,なし
,,
並,,あり
鬼,,
,あり,あり
仏,あり,あり
仏,なし,時々あり
仏,なし,あり
仏,なし,あり
仏,なし,あり
やや仏,なし,あり
やや鬼,あり,なし
ど仏,あり,時々あり
やや仏,あり,なし
やや仏,なし,なし
仏,なし,あり
やや仏,あり,あり
やや仏,なし,あり
仏,あり,
ど仏,なし,なし
ど仏,あり,あり
ど鬼,なし,なし
ど仏,なし,あり
ど仏,なし,あり
仏,あり,あり
仏,あり,あり
ど仏,あり,あり
並,あり,なし
やや鬼,あり,時々あり
並,あり,あり
ど仏,あり,なし
仏,なし,あり
ど仏,なし,なし
並,あり,あり
仏,なし,あり
ど鬼,なし,あり
やや仏,なし,あり
やや鬼,なし,なし
ど仏,なし,あり
仏,なし,あり
ど仏,なし,あり
鬼,なし,時々あり
ど仏,あり,あり
ど仏,なし,なし
ど鬼,あり,あり
仏,時々あり,なし
やや鬼,なし,時々あり
鬼,あり,あり
ど鬼,なし,なし
ど仏,なし,あり
ど鬼,なし,あり
鬼,なし,あり
やや仏,あり,あり
並,時々あり,あり
ど仏,なし,あり
やや仏,なし,なし
やや鬼,あり,あり
ど仏,あり,あり
仏,あり,なし
鬼,あり,あり
ど鬼,なし,あり
ど仏,あり,あり
ど鬼,時々あり,あり
仏,なし,あり
並,なし,時々あり
やや仏,あり,あり
やや仏,なし,あり
やや仏,なし,あり
やや仏,あり,あり
鬼,なし,時々あり
ど鬼,時々あり,あり
ど仏,なし,あり
ど仏,なし,なし
鬼,あり,あり
鬼,あり,あり
仏,時々あり,時々あり
仏,時々あり,あり
仏,時々あり,時々あり
やや仏,なし,あり
ど仏,なし,なし
仏,なし,なし
やや鬼,なし,あり
ど仏,なし,なし
並,あり,あり
ど仏,あり,あり
並,なし,あり
鬼,,あり
仏,なし,なし
仏,なし,なし
並,あり,なし
やや鬼,時々あり,時々あり
並,なし,なし
やや鬼,あり,あり
やや鬼,あり,あり
仏,,あり
仏,なし,あり
仏,あり,あり
やや仏,なし,あり
並,あり,なし
ど仏,なし,あり
やや仏,なし,あり
仏,なし,あり
やや仏,あり,なし
ど仏,なし,あり
並,あり,あり
並,なし,あり
並,,あり
鬼,なし,あり
ど仏,なし,あり
並,あり,あり
並,なし,なし
ど仏,あり,あり
やや鬼,なし,なし
やや鬼,時々あり,あり
ど鬼,あり,あり
やや鬼,なし,あり
並,なし,あり
ど鬼,あり,あり
ど仏,なし,あり
並,なし,なし
やや仏,あり,あり
仏,あり,あり
ど仏,なし,あり
仏,なし,なし
ど仏,あり,あり
やや仏,なし,時々あり
仏,なし,あり
仏,なし,あり
仏,あり,なし
やや仏,なし,あり
やや鬼,なし,あり
やや仏,なし,あり
仏,なし,
並,時々あり,なし
並,なし,あり
ど仏,なし,あり
仏,あり,あり
やや仏,なし,時々あり
やや仏,あり,あり
並,あり,あり
やや仏,,あり
仏,あり,あり
やや仏,時々あり,あり
やや仏,なし,時々あり
やや仏,なし,あり
仏,なし,なし
ど仏,なし,あり
鬼,なし,あり
ど鬼,なし,時々あり
仏,なし,あり
仏,あり,あり
鬼,,
鬼,時々あり,あり
ど仏,,あり
ど仏,なし,なし
鬼,なし,あり
仏,あり,あり
ど仏,なし,あり
ど仏,なし,なし
ど仏,なし,
やや仏,なし,
並,なし,なし
ど仏,なし,時々あり
,あり,あり
仏,あり,あり
仏,あり,あり
やや仏,なし,あり
やや仏,あり,あり
並,あり,なし
ど仏,なし,なし
やや仏,,あり
仏,なし,あり
やや仏,時々あり,あり
仏,あり,あり
並,なし,あり
やや鬼,なし,
やや仏,なし,なし
やや仏,,あり
並,あり,あり
やや仏,なし,あり
ど鬼,あり,あり
ど鬼,,あり
仏,あり,あり
仏,なし,あり
ど鬼,あり,なし
やや鬼,あり,あり
やや仏,なし,なし
鬼,あり,あり
鬼,あり,あり
並,時々あり,時々あり
ど仏,なし,あり
仏,なし,あり
仏,なし,あり
仏,あり,あり
やや仏,なし,あり
並,なし,あり
仏,なし,時々あり
やや仏,時々あり,あり
仏,なし,あり
ど仏,時々あり,あり
仏,あり,あり
やや鬼,あり,なし
ど仏,なし,あり
ど仏,あり,あり
仏,あり,あり
ど鬼,なし,なし
ど鬼,なし,あり
並,あり,あり
ど仏,あり,なし
ど仏,あり,なし
ど仏,なし,なし
ど仏,なし,あり
並,時々あり,時々あり
やや仏,時々あり,時々あり
並,なし,あり
仏,あり,あり
仏,なし,なし
並,あり,なし
仏,あり,あり
仏,時々あり,時々あり
やや仏,あり,あり
仏,時々あり,時々あり
ど鬼,あり,あり
鬼,あり,あり
仏,あり,あり
並,あり,なし
やや鬼,あり,あり
やや鬼,時々あり,あり
やや仏,あり,あり
やや仏,なし,なし
仏,あり,あり
仏,あり,あり
ど鬼,なし,なし
仏,あり,時々あり
やや鬼,,あり
仏,あり,なし
仏,あり,あり
やや仏,なし,あり
やや仏,なし,あり
仏,なし,あり
仏,なし,あり
仏,なし,あり
やや仏,なし,あり
仏,あり,あり
並,なし,なし
仏,,なし
仏,なし,あり
並,あり,あり
並,なし,あり
仏,なし,あり
やや仏,あり,あり
ど仏,なし,あり
鬼,あり,あり
並,あり,なし
仏,あり,時々あり
やや仏,なし,あり
仏,あり,あり
並,あり,あり
ど仏,なし,あり
やや仏,なし,時々あり
並,なし,なし
鬼,なし,あり
やや仏,なし,あり
やや仏,時々あり,時々あり
並,時々あり,あり
やや鬼,あり,あり
やや鬼,なし,あり
ど仏,なし,なし
並,あり,あり
仏,あり,あり
やや仏,あり,あり
やや鬼,なし,あり
仏,,
仏,,あり
仏,あり,あり
仏,あり,あり
ど仏,なし,あり
やや仏,時々あり,時々あり
ど仏,あり,あり
ど仏,あり,あり
やや仏,なし,あり
仏,あり,あり
やや仏,なし,あり
ど仏,なし,あり
やや鬼,時々あり,なし
やや鬼,なし,なし
ど仏,あり,あり
ど仏,なし,あり
並,,あり
並,なし,あり
やや仏,時々あり,あり
やや鬼,なし,あり
鬼,時々あり,あり
並,あり,あり
ど鬼,なし,あり
鬼,なし,あり
ど仏,なし,なし
やや鬼,あり,あり
鬼,あり,あり
ど仏,なし,あり
ど鬼,なし,なし
並,なし,あり
並,なし,あり
ど仏,あり,あり
ど鬼,時々あり,あり
仏,なし,あり
やや鬼,なし,あり
並,あり,あり
やや鬼,なし,あり
並,あり,時々あり
ど仏,あり,あり
鬼,なし,なし
ど鬼,時々あり,あり
仏,なし,時々あり
並,あり,あり
並,,
並,あり,なし
仏,なし,あり
並,なし,時々あり
並,なし,なし
並,なし,あり
やや仏,なし,時々あり
並,あり,あり
仏,時々あり,あり
ど仏,あり,あり
仏,あり,あり
やや鬼,時々あり,あり
並,時々あり,あり
仏,なし,あり
やや仏,なし,あり
ど仏,なし,なし
ど仏,あり,あり
やや鬼,あり,あり
仏,なし,あり
仏,あり,あり
仏,あり,あり
仏,あり,あり
ど仏,時々あり,あり
仏,なし,あり
やや鬼,なし,なし
ど仏,なし,時々あり
仏,時々あり,あり
仏,なし,あり
仏,あり,あり
並,なし,なし
ど仏,なし,あり
鬼,時々あり,あり
ど鬼,なし,あり
鬼,,あり
ど鬼,あり,あり
やや仏,時々あり,あり
並,なし,あり
ど仏,なし,あり
ど仏,なし,あり
並,あり,なし
ど仏,あり,あり
やや仏,なし,あり
ど仏,なし,なし
やや鬼,なし,なし
仏,時々あり,あり
ど仏,あり,あり
ど鬼,時々あり,あり
仏,あり,なし
やや仏,なし,あり
ど鬼,あり,あり
並,,
ど鬼,なし,なし
やや鬼,あり,あり
やや鬼,なし,なし
やや仏,なし,あり
並,あり,あり
仏,なし,あり
やや仏,あり,あり
やや鬼,時々あり,なし
仏,なし,あり
仏,あり,あり
並,なし,なし
仏,なし,なし
仏,,あり
仏,なし,時々あり
やや鬼,なし,あり
鬼,なし,なし
ど仏,時々あり,あり
ど仏,なし,あり
仏,なし,なし
鬼,なし,なし
鬼,なし,なし
やや仏,あり,時々あり
仏,なし,なし
仏,なし,あり
仏,なし,時々あり
ど仏,なし,あり
ど仏,なし,あり
ど仏,時々あり,あり
ど鬼,あり,あり
仏,,あり
鬼,なし,あり
鬼,あり,なし
ど仏,時々あり,あり
仏,あり,あり
やや仏,なし,なし
鬼,あり,あり
やや仏,あり,あり
仏,なし,なし
仏,なし,あり
仏,あり,なし
仏,なし,なし
仏,時々あり,
やや仏,時々あり,あり
並,あり,あり
仏,なし,あり
ど鬼,あり,あり
並,あり,なし
ど鬼,あり,あり
鬼,なし,時々あり
並,あり,あり
並,時々あり,あり
やや鬼,なし,あり
鬼,なし,あり
やや鬼,あり,あり
やや鬼,あり,あり
仏,なし,あり
並,なし,なし
やや仏,あり,なし
ど鬼,なし,あり
ど鬼,なし,あり
ど鬼,,
並,なし,なし
鬼,,
仏,あり,あり
ど仏,なし,あり
ど鬼,なし,あり
やや鬼,なし,なし
並,あり,あり
ど鬼,なし,なし
ど鬼,なし,なし
ど仏,なし,なし
ど鬼,なし,あり
ど鬼,なし,あり
やや仏,なし,あり
ど鬼,なし,なし
鬼,なし,なし
仏,あり,なし
仏,なし,あり
ど仏,あり,なし
並,なし,なし
やや仏,あり,あり
並,なし,あり
仏,なし,あり
やや仏,なし,なし
やや鬼,なし,なし
仏,なし,あり
並,なし,あり
ど鬼,あり,なし
鬼,なし,なし
仏,あり,あり
やや仏,あり,あり
仏,あり,時々あり
ど仏,なし,なし
鬼,時々あり,時々あり
仏,あり,あり
ど鬼,なし,あり
並,なし,時々あり
,なし,あり
ど仏,あり,あり
ど仏,あり,あり
やや仏,あり,あり
ど仏,あり,あり
仏,時々あり,あり
鬼,あり,あり
鬼,あり,あり
ど仏,なし,なし
ど仏,なし,あり
ど鬼,時々あり,あり
やや仏,あり,あり
ど仏,あり,あり
鬼,,
仏,なし,あり
並,なし,あり
仏,あり,あり
ど鬼,あり,あり
やや仏,あり,あり
ど鬼,あり,あり
鬼,なし,あり
仏,あり,なし
やや仏,なし,なし
やや鬼,なし,なし
ど鬼,あり,あり
やや仏,なし,なし
ど仏,なし,時々あり
仏,なし,あり
ど仏,なし,時々あり
仏,あり,
並,時々あり,時々あり
鬼,あり,あり
ど鬼,あり,あり
並,あり,あり
ど鬼,あり,あり
ど仏,時々あり,あり
並,なし,なし
やや鬼,あり,なし
やや仏,あり,あり
ど仏,なし,あり
仏,なし,
ど仏,なし,あり
やや鬼,あり,あり
ど仏,なし,なし
並,あり,なし
仏,なし,なし
鬼,なし,なし
やや仏,あり,時々あり
並,,なし
やや仏,なし,あり
やや鬼,あり,あり
ど仏,あり,あり
ど仏,なし,あり
やや仏,なし,あり
ど鬼,なし,なし
ど鬼,あり,あり
ど鬼,あり,あり
ど鬼,なし,あり
,なし,なし
鬼,なし,なし
ど仏,あり,あり
ど仏,あり,あり
鬼,あり,あり
ど仏,なし,時々あり
鬼,あり,あり
やや仏,なし,あり
ど鬼,あり,あり
仏,あり,あり
ど仏,あり,あり
鬼,あり,あり
ど仏,なし,あり
仏,あり,あり
やや仏,あり,時々あり
ど仏,なし,あり
やや鬼,なし,なし
仏,なし,なし
ど仏,あり,あり
ど鬼,なし,時々あり
並,,
ど鬼,なし,あり
やや鬼,なし,あり
鬼,,あり
やや仏,,
ど仏,,あり
鬼,あり,なし
仏,なし,あり
ど鬼,なし,なし
ど仏,なし,あり
鬼,あり,あり
仏,あり,あり
並,あり,
やや仏,時々あり,なし
仏,なし,あり
ど仏,なし,なし
ど仏,なし,あり
やや仏,なし,あり
ど仏,なし,なし
仏,なし,なし
ど仏,あり,あり
仏,なし,なし
ど仏,なし,あり
仏,なし,あり
ど鬼,,
ど鬼,なし,あり
やや仏,あり,あり
ど仏,なし,なし
並,なし,あり
やや仏,なし,あり
ど鬼,なし,あり
鬼,なし,あり
ど仏,なし,あり
ど仏,なし,あり
やや仏,時々あり,なし
並,なし,あり
ど鬼,なし,時々あり
仏,時々あり,あり
仏,時々あり,あり
鬼,なし,あり
並,あり,あり
鬼,あり,あり
ど仏,時々あり,あり
並,なし,
鬼,なし,あり
鬼,なし,あり
鬼,,
並,なし,あり
ど鬼,なし,なし
仏,なし,あり
ど仏,時々あり,あり
やや鬼,あり,なし
並,なし,なし
並,あり,なし
仏,なし,あり
ど仏,なし,なし
ど仏,なし,あり
ど仏,なし,あり
鬼,なし,なし
やや仏,あり,あり
やや仏,時々あり,なし
仏,なし,あり
ど仏,時々あり,あり
並,あり,あり
鬼,なし,あり
並,あり,あり
ど鬼,,
並,あり,あり
仏,なし,なし
ど仏,あり,あり
ど鬼,なし,なし
やや鬼,あり,あり
ど仏,なし,あり
やや鬼,あり,あり
並,,あり
仏,あり,あり
仏,あり,あり
ど鬼,なし,なし
仏,なし,あり
ど仏,,
ど仏,なし,あり
やや鬼,あり,なし
ど鬼,なし,なし
並,なし,あり
仏,あり,あり
,,
,,
,,
並,,
並,,
仏,,
仏,,
ど仏,,
並,,
並,なし,あり
仏,なし,なし
ど鬼,なし,なし
ど鬼,なし,なし
ど仏,なし,あり
ど鬼,なし,あり
やや仏,なし,あり
仏,なし,あり
やや仏,時々あり,あり
ど仏,なし,あり
ど鬼,なし,あり
やや仏,なし,なし
仏,あり,時々あり
仏,あり,あり
ど仏,あり,あり
ど仏,あり,あり
やや仏,なし,あり
やや鬼,なし,あり
ど仏,あり,あり
仏,時々あり,時々あり
やや仏,なし,時々あり
やや仏,なし,時々あり
やや仏,なし,あり
ど仏,時々あり,あり
やや仏,なし,時々あり
仏,なし,あり
仏,なし,あり
並,あり,あり
ど仏,あり,あり
ど仏,なし,あり
仏,時々あり,あり
やや鬼,あり,なし
仏,なし,あり
ど鬼,あり,あり
やや仏,あり,あり
ど仏,あり,あり
仏,なし,時々あり
やや仏,なし,あり
やや仏,なし,あり
ど仏,なし,あり
ど仏,なし,あり
,あり,あり
やや仏,あり,あり
鬼,なし,なし
並,なし,あり
ど仏,あり,なし
ど仏,なし,あり
並,なし,なし
並,時々あり,あり
ど鬼,あり,あり
ど仏,なし,時々あり
鬼,なし,あり
ど仏,なし,なし
やや仏,なし,あり
やや仏,あり,あり
やや仏,なし,あり
仏,時々あり,あり
仏,なし,あり
ど仏,なし,なし
仏,なし,あり
仏,なし,時々あり
ど鬼,あり,あり
仏,なし,なし
仏,あり,あり
ど鬼,なし,あり
鬼,時々あり,あり
仏,なし,あり
ど仏,時々あり,あり
やや鬼,なし,なし
ど仏,時々あり,あり
仏,時々あり,あり
並,あり,あり
ど仏,あり,あり
仏,時々あり,あり
ど鬼,なし,あり
ど仏,,
並,あり,なし
鬼,なし,あり
仏,時々あり,あり
仏,なし,あり
鬼,なし,なし
仏,なし,あり
やや仏,なし,なし
仏,なし,あり
仏,なし,あり
ど仏,なし,あり
仏,時々あり,あり
仏,あり,あり
やや仏,時々あり,なし
やや仏,なし,なし
仏,なし,あり
仏,あり,あり
やや鬼,あり,あり
鬼,なし,あり
並,時々あり,時々あり
並,あり,あり
鬼,あり,あり
並,なし,時々あり
仏,あり,あり
ど仏,あり,あり
ど仏,なし,あり
,あり,あり
ど鬼,なし,あり
並,なし,あり
ど仏,,
,なし,あり
ど鬼,なし,あり
ど鬼,なし,あり
ど鬼,なし,あり
仏,あり,なし
並,あり,あり
やや仏,あり,あり
仏,なし,あり
仏,あり,あり
ど仏,なし,あり
やや鬼,あり,なし
ど鬼,時々あり,時々あり
鬼,あり,あり
鬼,なし,なし
ど鬼,なし,なし
ど鬼,時々あり,あり
ど鬼,あり,あり
やや鬼,あり,なし
,,
仏,なし,なし
並,あり,なし
ど鬼,なし,なし
仏,なし,なし
並,なし,あり
仏,なし,時々あり
ど仏,時々あり,あり
仏,なし,あり
ど鬼,あり,あり
ど鬼,あり,あり
やや仏,なし,なし
並,なし,なし
並,なし,時々あり
仏,あり,
鬼,なし,あり
ど仏,なし,あり
やや仏,なし,なし
ど鬼,あり,あり
仏,あり,
ど仏,なし,なし
並,なし,あり
仏,,あり
並,なし,あり
ど仏,あり,あり
並,なし,なし
ど鬼,なし,なし
ど鬼,なし,なし
ど鬼,なし,なし
鬼,あり,あり
鬼,なし,なし
ど仏,なし,なし
やや仏,あり,あり
ど鬼,なし,なし
鬼,あり,あり
仏,時々あり,なし
鬼,なし,なし
ど鬼,なし,あり
ど鬼,なし,なし
仏,あり,あり
並,なし,なし
ど鬼,時々あり,あり
やや仏,なし,あり
やや鬼,あり,あり
ど鬼,なし,あり
ど仏,あり,なし
仏,あり,あり
ど鬼,なし,なし
鬼,なし,あり
仏,時々あり,あり
やや仏,なし,あり
並,なし,あり
やや仏,時々あり,
仏,,あり
並,なし,あり
ど鬼,なし,あり
やや仏,なし,なし
やや仏,時々あり,あり
ど仏,なし,
やや仏,なし,あり
ど鬼,なし,あり
ど仏,なし,あり
ど鬼,なし,なし
仏,あり,あり
ど仏,なし,あり
やや仏,あり,あり
仏,なし,あり
やや仏,なし,なし
仏,あり,
やや鬼,なし,あり
仏,あり,あり
やや鬼,あり,あり
やや仏,時々あり,あり
仏,時々あり,時々あり
仏,なし,あり
ど仏,なし,あり
並,なし,あり
ど鬼,なし,あり
ど仏,あり,あり
ど仏,時々あり,あり
やや仏,なし,なし
仏,なし,あり
やや鬼,時々あり,あり
ど仏,なし,あり
ど鬼,なし,なし
仏,なし,なし
やや鬼,なし,なし
並,なし,あり
やや仏,あり,あり
並,なし,あり
仏,時々あり,あり
やや仏,あり,なし
やや鬼,時々あり,なし
やや仏,なし,あり
ど仏,なし,なし
やや仏,あり,あり
ど仏,なし,あり
ど鬼,なし,なし
鬼,あり,あり
ど仏,あり,なし
やや仏,あり,あり
やや仏,あり,なし
並,なし,なし
やや仏,時々あり,あり
仏,あり,あり
仏,なし,なし
やや仏,あり,あり
やや仏,あり,なし
やや鬼,なし,あり
並,時々あり,あり
仏,なし,あり
やや仏,,
仏,,
やや仏,,
鬼,なし,あり
やや仏,あり,あり
仏,あり,あり
並,なし,時々あり
仏,あり,あり
並,なし,なし
並,なし,あり
ど仏,なし,あり
やや仏,なし,あり
やや仏,なし,あり
やや仏,あり,なし
仏,時々あり,あり
並,あり,なし
ど仏,なし,
鬼,なし,あり
やや仏,時々あり,あり
並,,あり
やや鬼,なし,あり
鬼,なし,あり
鬼,なし,あり
やや鬼,あり,あり
ど仏,あり,あり
やや仏,あり,あり
ど仏,なし,あり
仏,なし,時々あり
鬼,,
仏,なし,なし
仏,時々あり,あり
ど仏,なし,あり
仏,あり,あり
鬼,なし,なし
やや仏,なし,あり
仏,あり,なし
仏,なし,あり
ど鬼,なし,なし
ど鬼,なし,なし
ど鬼,時々あり,時々あり
ど仏,なし,なし
やや鬼,なし,あり
ど仏,なし,時々あり
やや仏,なし,なし
仏,時々あり,あり
仏,なし,あり
仏,なし,あり
やや仏,あり,時々あり
ど鬼,なし,あり
並,なし,あり
鬼,あり,あり
仏,,あり
やや仏,,あり
並,あり,あり
仏,あり,あり
ど仏,時々あり,時々あり
やや鬼,あり,あり
並,なし,あり
並,,
やや仏,あり,あり
ど鬼,なし,あり
並,時々あり,あり
仏,,あり
仏,,あり
仏,あり,なし
やや仏,なし,あり
ど仏,なし,あり
並,なし,あり
並,あり,なし
仏,なし,あり
ど仏,なし,なし
仏,あり,あり
ど鬼,なし,なし
並,あり,あり
ど仏,なし,あり
並,あり,なし
鬼,あり,あり
仏,時々あり,あり
仏,あり,なし
仏,なし,なし
鬼,あり,なし
並,あり,あり
仏,あり,あり
鬼,なし,あり
やや仏,時々あり,あり
仏,あり,あり
ど鬼,なし,あり
仏,なし,あり
やや鬼,時々あり,なし
やや仏,あり,あり
並,なし,なし
仏,,
ど鬼,あり,あり
やや鬼,あり,時々あり
ど仏,なし,あり
ど仏,時々あり,あり
ど鬼,時々あり,あり
ど仏,なし,あり
並,時々あり,なし
やや鬼,あり,あり
やや鬼,あり,あり
やや仏,なし,あり
ど仏,なし,なし
ど仏,なし,なし
並,なし,あり
鬼,なし,あり
仏,なし,あり
仏,あり,時々あり
やや仏,時々あり,なし
仏,あり,時々あり
仏,あり,時々あり
並,なし,なし
並,なし,あり
並,あり,あり
並,あり,あり
並,なし,
やや仏,あり,なし
ど仏,あり,なし
ど鬼,時々あり,なし
やや鬼,時々あり,なし
鬼,なし,あり
ど鬼,あり,あり
やや鬼,,あり
やや鬼,なし,あり
ど仏,なし,なし
やや鬼,あり,あり
仏,なし,あり
ど鬼,あり,あり
仏,あり,あり
ど仏,あり,あり
やや仏,なし,あり
ど仏,時々あり,あり
並,あり,あり
仏,なし,時々あり
やや仏,あり,あり
並,なし,時々あり
ど仏,なし,なし
並,なし,なし
並,あり,あり
並,なし,なし
やや仏,なし,あり
鬼,なし,あり
鬼,あり,時々あり
やや仏,なし,なし
ど仏,なし,なし
やや仏,なし,あり
鬼,あり,あり
ど仏,時々あり,なし
並,あり,あり
ど鬼,あり,なし
やや鬼,なし,あり
やや仏,なし,あり
ど仏,なし,なし
並,なし,なし
ど鬼,なし,なし
やや仏,時々あり,あり
やや仏,なし,あり
やや鬼,なし,なし
ど鬼,なし,あり
仏,なし,なし
鬼,なし,あり
仏,あり,あり
ど鬼,あり,あり
並,あり,あり
仏,時々あり,あり
やや仏,なし,なし
仏,時々あり,あり
仏,なし,あり
やや鬼,なし,あり
仏,時々あり,時々あり
仏,時々あり,あり
並,なし,あり
ど鬼,あり,あり
仏,あり,あり
仏,あり,あり
やや仏,なし,時々あり
仏,なし,なし
仏,なし,なし
仏,なし,なし
仏,時々あり,あり
仏,なし,なし
ど仏,なし,あり
並,あり,時々あり
ど仏,なし,なし
やや仏,あり,あり
ど鬼,なし,あり
鬼,なし,あり
やや仏,なし,あり
ど仏,なし,時々あり
並,なし,なし
やや鬼,あり,あり
仏,なし,あり
ど鬼,あり,あり
ど仏,なし,なし
仏,なし,なし
仏,なし,あり
仏,なし,時々あり
やや仏,あり,なし
鬼,なし,あり
鬼,時々あり,時々あり
ど仏,なし,なし
ど鬼,なし,あり
やや仏,なし,あり
ど鬼,なし,あり
仏,時々あり,あり
やや仏,時々あり,あり
仏,なし,あり
ど仏,なし,なし
鬼,なし,あり
並,なし,あり
並,あり,あり
ど鬼,あり,あり
ど鬼,あり,あり
ど鬼,なし,なし
やや仏,なし,時々あり
鬼,あり,あり
ど仏,あり,なし
ど仏,あり,あり
仏,あり,あり
ど仏,あり,あり
仏,なし,なし
ど仏,あり,
並,なし,なし
仏,なし,あり
ど仏,あり,あり
仏,あり,
ど仏,あり,あり
仏,なし,あり
仏,あり,
仏,,
仏,,なし
やや仏,,あり
やや仏,あり,
やや仏,,あり
やや仏,あり,あり
やや仏,,あり
仏,あり,あり
やや鬼,なし,あり
ど鬼,なし,時々あり
やや仏,なし,あり
仏,なし,あり
ど仏,なし,あり
やや仏,なし,あり
鬼,時々あり,あり
やや鬼,あり,あり
やや仏,あり,なし
やや仏,あり,なし
ど仏,なし,あり
ど仏,あり,あり
鬼,あり,あり
ど仏,なし,あり
やや仏,なし,あり
やや仏,あり,あり
仏,なし,あり
仏,あり,なし
並,時々あり,あり
やや鬼,なし,あり
仏,あり,あり
ど鬼,なし,あり
ど仏,時々あり,なし
鬼,あり,あり
ど仏,あり,なし
並,あり,あり
やや鬼,時々あり,なし
並,あり,あり
仏,あり,あり
鬼,なし,あり
やや仏,あり,あり
仏,あり,あり
並,なし,あり
ど仏,なし,なし
やや鬼,なし,なし
並,なし,あり
仏,あり,あり
仏,,時々あり
仏,なし,あり
ど仏,なし,なし
並,なし,なし
ど仏,時々あり,時々あり
仏,時々あり,時々あり
ど仏,なし,あり
仏,なし,あり
ど仏,あり,あり
ど鬼,あり,時々あり
並,あり,あり
仏,あり,なし
並,あり,あり
ど鬼,あり,あり
鬼,あり,あり
やや仏,なし,あり
仏,なし,あり
やや仏,なし,あり
やや鬼,あり,あり
ど鬼,あり,あり
並,あり,時々あり
仏,時々あり,あり
ど仏,なし,あり
仏,時々あり,あり
仏,時々あり,あり
仏,時々あり,あり
仏,あり,あり
ど仏,なし,あり
やや仏,なし,あり
鬼,なし,なし
仏,あり,あり
仏,時々あり,時々あり
鬼,なし,なし
並,なし,時々あり
ど仏,なし,なし
やや鬼,あり,あり
ど仏,あり,あり
やや仏,時々あり,なし
並,なし,あり
やや仏,時々あり,あり
並,あり,なし
鬼,時々あり,時々あり
ど仏,時々あり,あり
ど仏,なし,あり
並,時々あり,時々あり
鬼,時々あり,なし
やや仏,なし,なし
ど仏,なし,あり
仏,なし,あり
やや仏,あり,あり
並,なし,
仏,なし,あり
仏,時々あり,あり
ど仏,なし,あり
仏,あり,あり
仏,あり,あり
並,なし,あり
ど鬼,時々あり,時々あり
仏,あり,あり
やや仏,なし,なし
ど仏,なし,あり
ど仏,あり,あり
ど鬼,あり,あり
ど仏,あり,あり
ど仏,時々あり,あり
仏,なし,あり
仏,なし,あり
仏,あり,あり
やや仏,時々あり,あり
やや仏,なし,あり
並,あり,あり
ど仏,時々あり,あり
ど仏,あり,あり
ど仏,なし,あり
ど仏,時々あり,あり
鬼,なし,あり
やや仏,なし,なし
仏,なし,あり
仏,なし,あり
並,時々あり,あり
仏,なし,あり
ど仏,なし,なし
ど仏,なし,なし
仏,なし,あり
ど仏,なし,あり
仏,時々あり,あり
鬼,あり,
ど仏,なし,時々あり
鬼,あり,あり
仏,あり,なし
ど鬼,あり,
仏,なし,あり
ど仏,時々あり,あり
仏,なし,なし
ど仏,なし,あり
ど仏,なし,なし
並,なし,あり
仏,時々あり,なし
仏,あり,なし
ど仏,あり,あり
やや仏,なし,あり
鬼,なし,なし
並,あり,あり
やや仏,あり,あり
ど鬼,なし,なし
並,,あり
仏,なし,時々あり
やや鬼,あり,あり
やや仏,時々あり,あり
やや仏,なし,
仏,あり,あり
やや仏,あり,あり
鬼,あり,あり
ど鬼,なし,あり
ど鬼,なし,
ど仏,なし,なし
ど仏,なし,あり
ど鬼,あり,あり
やや仏,なし,あり
仏,なし,あり
ど仏,なし,あり
ど鬼,なし,なし
ど仏,なし,あり
ど鬼,あり,あり
ど仏,なし,あり
鬼,時々あり,なし
ど鬼,あり,あり
ど仏,なし,なし
ど仏,時々あり,あり
ど仏,なし,なし
ど鬼,時々あり,時々あり
並,なし,あり
鬼,あり,あり
やや仏,なし,あり
ど鬼,あり,あり
ど仏,なし,あり
ど仏,なし,なし
ど仏,なし,あり
ど仏,時々あり,あり
やや仏,あり,時々あり
ど仏,なし,あり
仏,時々あり,時々あり
やや鬼,なし,あり
仏,なし,あり
ど仏,あり,時々あり
ど仏,あり,なし
ど仏,なし,あり
鬼,なし,なし
鬼,あり,なし
ど仏,なし,時々あり
ど鬼,時々あり,時々あり
ど仏,あり,あり
仏,なし,あり
仏,なし,あり
仏,なし,あり
ど鬼,あり,あり
やや仏,あり,なし
並,なし,なし
仏,あり,あり
やや鬼,時々あり,あり
やや仏,時々あり,あり
仏,,なし
やや仏,なし,あり
仏,なし,あり
やや仏,あり,あり
並,時々あり,時々あり
並,あり,なし
やや仏,なし,なし
並,,あり
ど仏,,あり
やや鬼,なし,なし
ど仏,,
ど鬼,時々あり,あり
並,なし,なし
ど鬼,なし,なし
並,なし,あり
鬼,あり,あり
ど仏,あり,あり
鬼,なし,あり
並,なし,あり
仏,あり,時々あり
ど仏,なし,時々あり
仏,あり,なし
鬼,あり,時々あり
ど鬼,なし,なし
仏,なし,あり
ど仏,なし,あり
ど鬼,なし,なし
ど鬼,なし,なし
やや鬼,あり,なし
やや鬼,あり,あり
やや鬼,あり,あり
仏,なし,あり
仏,あり,あり
仏,なし,あり
ど仏,なし,あり
仏,なし,あり
ど仏,あり,あり
ど仏,あり,あり
ど仏,なし,あり
並,なし,あり
やや仏,なし,あり
ど仏,なし,なし
ど仏,あり,あり
ど鬼,,
ど仏,なし,あり
ど仏,あり,あり
ど仏,なし,あり
やや仏,あり,あり
並,あり,あり
ど仏,なし,あり
並,なし,なし
並,あり,あり
仏,なし,あり
やや鬼,あり,なし
仏,なし,あり
やや仏,時々あり,なし
ど仏,なし,なし
やや仏,あり,あり
並,なし,あり
仏,時々あり,あり
鬼,あり,あり
並,なし,なし
やや仏,なし,あり
やや鬼,なし,あり
やや仏,なし,あり
やや鬼,なし,あり
並,なし,あり
鬼,なし,なし
並,なし,あり
ど仏,なし,あり
仏,あり,なし
仏,なし,あり
やや仏,なし,あり
仏,あり,あり
やや鬼,あり,あり
仏,なし,なし
ど仏,時々あり,あり
やや鬼,なし,あり
仏,なし,なし
並,なし,あり
ど鬼,あり,なし
仏,なし,あり
仏,なし,あり
仏,なし,あり
やや仏,あり,なし
仏,時々あり,あり
やや仏,あり,時々あり
並,なし,あり
ど鬼,なし,なし
ど鬼,あり,あり
並,時々あり,あり
並,あり,なし
並,なし,なし
ど仏,なし,なし
仏,あり,あり
やや仏,,あり
やや仏,時々あり,あり
やや仏,あり,なし
鬼,あり,あり
やや仏,あり,なし
鬼,あり,なし
仏,なし,あり
ど仏,あり,あり
やや鬼,時々あり,なし
やや仏,なし,あり
ど仏,なし,あり
やや鬼,あり,あり
仏,あり,あり
ど仏,あり,あり
仏,時々あり,時々あり
並,なし,あり
ど鬼,あり,なし
ど鬼,時々あり,あり
鬼,あり,時々あり
ど仏,なし,あり
仏,時々あり,なし
仏,なし,なし
並,時々あり,あり
仏,あり,あり
仏,あり,あり
ど仏,時々あり,なし
ど仏,時々あり,なし
ど仏,あり,あり
ど仏,なし,あり
ど仏,時々あり,あり
ど仏,なし,あり
ど仏,時々あり,あり
やや仏,なし,あり
やや鬼,あり,なし
並,なし,あり
鬼,なし,なし
ど仏,なし,あり
ど仏,なし,あり
ど仏,なし,あり
仏,なし,あり
ど仏,あり,時々あり
ど鬼,なし,あり
やや仏,なし,なし
仏,あり,あり
やや仏,あり,あり
並,あり,あり
鬼,なし,なし
ど仏,なし,なし
やや仏,,あり
並,なし,あり
仏,あり,なし
ど仏,あり,時々あり
やや仏,時々あり,あり
ど仏,なし,あり
ど仏,なし,なし
仏,なし,なし
仏,あり,なし
並,あり,時々あり
ど仏,なし,あり
仏,なし,なし
やや仏,あり,あり
鬼,なし,
やや仏,なし,なし
仏,あり,あり
鬼,あり,あり
やや仏,なし,あり
鬼,なし,あり
ど仏,あり,あり
ど仏,なし,あり
ど仏,なし,あり
鬼,なし,あり
ど仏,あり,あり
仏,なし,あり
やや鬼,あり,なし
鬼,あり,なし
並,あり,あり
仏,あり,あり
やや仏,なし,あり
仏,あり,あり
鬼,なし,なし
やや仏,なし,あり
ど仏,なし,あり
仏,なし,あり
仏,なし,時々あり
やや仏,なし,あり
やや仏,あり,あり
仏,なし,あり
ど仏,なし,あり
並,時々あり,時々あり
鬼,時々あり,あり
鬼,なし,あり
鬼,なし,あり
やや仏,なし,あり
仏,時々あり,なし
やや仏,なし,時々あり
並,あり,あり
やや鬼,なし,なし
並,なし,なし
並,あり,あり
並,なし,あり
仏,なし,あり
ど仏,あり,あり
仏,あり,あり
やや仏,あり,あり
仏,時々あり,あり
並,なし,あり
ど鬼,時々あり,なし
やや鬼,なし,あり
並,あり,あり
仏,あり,なし
並,なし,あり
,あり,あり
鬼,あり,あり
鬼,あり,あり
やや鬼,なし,なし
やや仏,なし,なし
やや仏,あり,あり
鬼,なし,あり
仏,なし,時々あり
ど仏,,
やや仏,なし,あり
仏,あり,あり
やや仏,時々あり,あり
ど仏,時々あり,あり
やや仏,あり,あり
ど鬼,なし,なし
やや仏,なし,あり
ど鬼,なし,なし
やや鬼,あり,あり
ど仏,なし,あり
仏,なし,あり
やや仏,なし,なし
ど仏,時々あり,あり
やや鬼,なし,なし
並,あり,あり
ど鬼,あり,なし
やや鬼,あり,なし
やや仏,あり,なし
ど鬼,なし,あり
鬼,あり,時々あり
仏,時々あり,あり
やや鬼,あり,あり
ど鬼,なし,
仏,あり,なし
ど仏,あり,なし
やや仏,あり,あり
ど仏,なし,あり
ど仏,なし,時々あり
ど仏,あり,あり
やや仏,時々あり,あり
ど仏,,あり
鬼,時々あり,あり
鬼,時々あり,なし
仏,なし,あり
鬼,なし,なし
やや仏,時々あり,あり
やや鬼,時々あり,あり
仏,なし,なし
仏,なし,あり
やや仏,なし,あり
ど鬼,なし,あり
並,なし,あり
鬼,あり,あり
並,なし,なし
ど仏,時々あり,時々あり
やや鬼,なし,あり
やや仏,なし,あり
並,あり,なし
並,時々あり,あり
やや仏,時々あり,時々あり
やや仏,あり,あり
,なし,なし
並,あり,あり
やや仏,あり,あり
鬼,時々あり,あり
ど仏,時々あり,あり
やや仏,なし,あり
やや鬼,なし,なし
やや仏,あり,あり
鬼,あり,あり
仏,あり,なし
ど鬼,あり,あり
仏,,あり
やや仏,あり,なし
並,あり,あり
ど鬼,なし,あり
ど鬼,なし,あり
鬼,あり,あり
並,なし,時々あり
鬼,なし,なし
やや仏,あり,なし
やや仏,時々あり,時々あり
鬼,あり,あり
ど鬼,なし,なし
やや仏,なし,時々あり
ど鬼,なし,時々あり
ど鬼,なし,あり
やや仏,なし,あり
ど仏,あり,あり
仏,時々あり,時々あり
ど仏,時々あり,あり
仏,なし,あり
ど仏,時々あり,あり
やや仏,なし,なし
ど仏,なし,あり
ど仏,なし,なし
仏,なし,あり
ど仏,なし,時々あり
やや仏,なし,あり
やや鬼,あり,なし
やや鬼,なし,なし
やや仏,なし,なし
やや鬼,なし,あり
やや仏,時々あり,あり
ど仏,なし,
仏,あり,時々あり
仏,時々あり,なし
並,なし,あり
ど鬼,なし,なし
ど鬼,あり,あり
ど仏,なし,あり
並,なし,あり
やや鬼,あり,なし
仏,あり,あり
鬼,あり,なし
ど鬼,あり,あり
仏,なし,なし
鬼,時々あり,なし
並,あり,あり
仏,時々あり,あり
ど鬼,時々あり,なし
鬼,なし,あり
仏,なし,時々あり
ど仏,時々あり,あり
やや仏,なし,あり
やや仏,あり,あり
やや鬼,あり,時々あり
並,なし,あり
並,あり,時々あり
ど鬼,なし,なし
やや仏,,なし
ど仏,あり,あり
並,なし,なし
鬼,あり,なし
並,なし,なし
やや仏,時々あり,あり
やや仏,なし,あり
やや仏,なし,あり
やや鬼,時々あり,なし
仏,なし,なし
仏,あり,あり
ど仏,時々あり,あり
仏,あり,あり
並,あり,あり
並,時々あり,あり
鬼,あり,あり
並,時々あり,あり
やや仏,なし,なし
仏,なし,あり
仏,あり,あり
やや鬼,なし,なし
鬼,なし,時々あり
仏,あり,なし
ど仏,あり,あり
仏,あり,あり
並,あり,時々あり
ど仏,あり,あり
仏,あり,なし
仏,なし,あり
並,なし,あり
やや仏,時々あり,あり
仏,あり,あり
やや仏,なし,あり
並,なし,あり
鬼,あり,なし
ど鬼,あり,あり
ど鬼,あり,あり
並,時々あり,時々あり
ど仏,あり,あり
やや仏,なし,なし
ど仏,なし,あり
並,時々あり,あり
並,なし,なし
仏,なし,なし
ど仏,なし,あり
仏,あり,あり
仏,あり,あり
仏,あり,あり
仏,なし,あり
やや仏,あり,なし
やや仏,なし,なし
やや鬼,なし,なし
並,あり,あり
並,なし,あり
鬼,なし,なし
並,あり,あり
並,あり,あり
やや鬼,あり,なし
鬼,なし,なし
ど仏,なし,時々あり
仏,なし,あり
鬼,なし,あり
鬼,時々あり,時々あり
並,時々あり,なし
やや鬼,なし,時々あり
並,,
やや仏,あり,あり
ど鬼,あり,なし
ど仏,あり,なし
やや仏,時々あり,なし
鬼,時々あり,なし
仏,あり,あり
並,時々あり,あり
ど仏,あり,あり
やや鬼,時々あり,なし
仏,あり,あり
やや仏,なし,あり
並,なし,あり
鬼,あり,あり
並,時々あり,あり
仏,なし,あり
ど仏,あり,時々あり
やや鬼,あり,なし
仏,なし,あり
仏,時々あり,あり
鬼,なし,あり
並,あり,時々あり
仏,あり,あり
やや仏,,
仏,,
やや仏,なし,時々あり
やや鬼,なし,あり
並,なし,あり
仏,あり,あり
ど鬼,あり,
やや鬼,時々あり,なし
仏,あり,時々あり
やや仏,時々あり,あり
仏,時々あり,あり
仏,なし,あり
ど鬼,あり,
鬼,なし,なし
やや鬼,あり,あり
ど鬼,なし,時々あり
やや鬼,なし,なし
仏,なし,なし
鬼,あり,あり
やや鬼,あり,あり
仏,時々あり,あり
やや仏,なし,なし
ど仏,なし,あり
やや鬼,なし,あり
やや仏,時々あり,なし
仏,あり,あり
鬼,あり,あり
ど仏,時々あり,あり
ど仏,時々あり,あり
鬼,時々あり,なし
やや鬼,なし,あり
仏,なし,あり
やや鬼,なし,あり
鬼,なし,なし
鬼,なし,時々あり
ど鬼,なし,なし
ど鬼,なし,なし
ど鬼,あり,あり
ど鬼,なし,あり
並,なし,あり
ど仏,なし,なし
やや仏,なし,なし
ど鬼,あり,あり
並,なし,あり
やや仏,なし,なし
ど仏,あり,あり
ど鬼,あり,あり
仏,なし,あり
やや仏,時々あり,あり
やや鬼,時々あり,あり
並,時々あり,あり
ど仏,なし,なし
やや鬼,なし,あり
並,なし,あり
鬼,なし,なし
ど仏,時々あり,あり
ど仏,なし,あり
ど鬼,なし,あり
ど鬼,あり,時々あり
鬼,なし,あり
並,あり,なし
やや鬼,あり,あり
仏,あり,なし
仏,あり,なし
ど鬼,なし,時々あり
鬼,なし,なし
ど仏,なし,なし
ど仏,あり,時々あり
鬼,あり,あり
並,あり,あり
ど仏,なし,あり
仏,時々あり,なし
やや鬼,時々あり,なし
ど鬼,なし,時々あり
ど仏,,
鬼,あり,時々あり
ど鬼,なし,なし
ど仏,なし,あり
ど仏,なし,なし
仏,あり,なし
やや鬼,なし,あり
やや仏,なし,あり
仏,あり,あり
鬼,あり,あり
ど鬼,なし,なし
やや仏,あり,あり
やや鬼,あり,あり
並,あり,あり
仏,あり,あり
ど仏,なし,なし
並,なし,なし
仏,なし,あり
仏,,時々あり
ど仏,なし,あり
並,なし,時々あり
仏,なし,あり
鬼,時々あり,なし
仏,あり,あり
ど仏,あり,あり
並,,あり
並,あり,
仏,なし,あり
ど仏,あり,なし
仏,なし,あり
仏,あり,あり
やや鬼,時々あり,あり
仏,あり,あり
ど仏,なし,なし
並,あり,あり
やや鬼,なし,あり
ど仏,なし,時々あり
やや仏,なし,なし
仏,なし,時々あり
ど仏,あり,なし
仏,なし,なし
やや仏,時々あり,なし
やや仏,なし,なし
仏,時々あり,あり
ど仏,なし,あり
やや仏,あり,あり
ど仏,あり,あり
鬼,時々あり,時々あり
やや仏,なし,あり
やや鬼,あり,あり
鬼,なし,あり
仏,なし,あり
やや仏,あり,時々あり
ど鬼,あり,あり
ど仏,なし,あり
やや鬼,あり,あり
ど仏,なし,時々あり
ど仏,あり,あり
仏,なし,あり
仏,なし,時々あり
仏,時々あり,時々あり
ど仏,なし,あり
仏,なし,なし
やや仏,あり,あり
ど仏,あり,なし
やや鬼,あり,なし
やや仏,あり,あり
ど鬼,あり,あり
仏,あり,あり
並,なし,なし
仏,なし,なし
並,なし,あり
やや鬼,なし,なし
仏,なし,時々あり
鬼,時々あり,なし
やや仏,あり,あり
やや仏,なし,なし
仏,時々あり,あり
仏,なし,時々あり
ど仏,なし,なし
ど仏,あり,時々あり
やや鬼,時々あり,時々あり
仏,あり,なし
仏,時々あり,なし
ど仏,なし,あり
やや仏,,
ど仏,なし,あり
ど仏,時々あり,時々あり
並,なし,あり
並,なし,時々あり
やや鬼,なし,あり
やや仏,なし,なし
鬼,なし,あり
やや仏,あり,なし
ど鬼,なし,あり
やや鬼,あり,あり
ど仏,なし,なし
並,なし,あり
,,あり
ど仏,,
ど仏,なし,あり
やや仏,あり,あり
仏,なし,あり
鬼,,なし
ど鬼,あり,あり
鬼,あり,あり
鬼,あり,あり
仏,あり,あり
仏,なし,あり
仏,あり,あり
やや仏,なし,なし
並,なし,なし
ど鬼,なし,時々あり
仏,なし,なし
仏,なし,あり
やや仏,あり,あり
並,なし,あり
やや仏,あり,なし
並,なし,なし
ど鬼,なし,あり
ど仏,あり,あり
やや仏,なし,あり
ど仏,あり,なし
やや仏,あり,なし
ど仏,なし,時々あり
並,なし,なし
仏,なし,なし
ど鬼,なし,あり
ど鬼,なし,あり
やや鬼,あり,あり
仏,なし,あり
仏,なし,なし
鬼,あり,なし
やや仏,なし,時々あり
鬼,あり,あり
ど仏,なし,あり
ど仏,あり,なし
仏,なし,あり
ど鬼,なし,なし
ど仏,なし,なし
並,時々あり,あり
仏,あり,なし
仏,なし,あり
仏,あり,あり
仏,あり,あり
仏,なし,なし
ど鬼,なし,時々あり
ど仏,あり,あり
やや仏,なし,なし
やや仏,なし,なし
やや仏,あり,あり
仏,なし,あり
仏,なし,あり
ど仏,なし,なし
ど仏,時々あり,あり
仏,あり,あり
仏,あり,あり
ど鬼,なし,あり
仏,時々あり,あり
仏,なし,あり
仏,あり,なし
やや仏,なし,なし
仏,あり,あり
仏,なし,なし
仏,なし,なし
やや仏,あり,なし
鬼,なし,なし
やや鬼,あり,なし
仏,なし,なし
仏,時々あり,なし
鬼,あり,時々あり
仏,なし,あり
やや仏,なし,なし
ど仏,なし,なし
ど仏,なし,なし
ど仏,あり,あり
鬼,あり,あり
仏,あり,時々あり
ど仏,なし,時々あり
やや仏,なし,あり
並,あり,あり
並,時々あり,あり
仏,なし,なし
ど仏,時々あり,なし
やや仏,あり,なし
並,なし,なし
仏,なし,時々あり
鬼,時々あり,なし
ど仏,時々あり,あり
やや仏,時々あり,あり
仏,あり,あり
ど仏,なし,あり
やや仏,時々あり,あり
並,あり,あり
ど仏,あり,なし
ど仏,なし,あり
ど仏,あり,時々あり
ど仏,なし,なし
並,なし,あり
仏,なし,あり
仏,あり,なし
並,なし,あり
ど仏,なし,なし
ど仏,なし,なし
やや仏,あり,なし
ど仏,なし,あり
並,なし,あり
仏,なし,なし
やや鬼,あり,なし
ど鬼,,
鬼,あり,なし
仏,時々あり,あり
鬼,時々あり,あり
並,なし,あり
ど仏,なし,なし
ど仏,時々あり,あり
鬼,あり,あり
やや仏,時々あり,時々あり
やや仏,あり,なし
やや鬼,あり,あり
並,あり,あり
鬼,時々あり,あり
ど仏,あり,あり
並,なし,なし
ど仏,あり,あり
ど仏,なし,なし
並,あり,なし
鬼,なし,あり
やや仏,時々あり,なし
やや仏,あり,なし
ど仏,なし,あり
仏,あり,時々あり
並,あり,あり
ど鬼,あり,あり
やや仏,あり,あり
並,時々あり,時々あり
やや鬼,あり,なし
並,あり,あり
仏,あり,なし
並,あり,あり
仏,なし,時々あり
仏,あり,時々あり
仏,時々あり,時々あり
やや仏,なし,あり
仏,なし,あり
やや鬼,時々あり,あり
仏,あり,あり
やや鬼,時々あり,あり
並,なし,時々あり
ど仏,なし,あり
ど仏,なし,あり
やや鬼,あり,あり
やや仏,,あり
ど仏,,あり
仏,,
ど仏,あり,なし
ど鬼,あり,あり
ど仏,なし,時々あり
やや仏,なし,なし
やや仏,あり,あり
ど仏,なし,なし
ど仏,あり,なし
やや仏,あり,あり
やや仏,なし,なし
仏,なし,あり
やや鬼,なし,なし
並,なし,時々あり
ど仏,なし,あり
鬼,なし,時々あり
鬼,なし,なし
仏,あり,なし
仏,あり,なし
鬼,なし,あり
仏,なし,なし
仏,あり,あり
鬼,なし,なし
並,なし,時々あり
並,時々あり,あり
やや仏,なし,
並,なし,あり
やや鬼,時々あり,あり
鬼,時々あり,あり
鬼,時々あり,あり
並,なし,あり
ど鬼,,
ど仏,あり,あり
仏,あり,なし
並,なし,あり
並,あり,あり
ど鬼,なし,なし
やや仏,時々あり,あり
やや仏,時々あり,なし
仏,なし,なし
鬼,あり,なし
並,なし,あり
並,なし,あり
仏,あり,あり
並,時々あり,時々あり
ど仏,なし,なし
鬼,なし,なし
ど鬼,時々あり,時々あり
仏,あり,なし
並,時々あり,あり
仏,時々あり,なし
ど鬼,あり,なし
鬼,あり,あり
ど鬼,あり,あり
仏,あり,時々あり
やや仏,あり,あり
やや仏,なし,あり
やや仏,時々あり,なし
やや仏,時々あり,なし
並,あり,なし
仏,あり,時々あり
仏,なし,あり
並,なし,なし
並,なし,なし
並,時々あり,時々あり
やや鬼,なし,あり
並,なし,時々あり
仏,あり,あり
並,時々あり,あり
ど鬼,なし,なし
やや仏,時々あり,あり
並,あり,あり
仏,,なし
仏,あり,なし
鬼,あり,あり
やや仏,なし,あり
仏,なし,なし
鬼,あり,あり
並,あり,
鬼,あり,
ど仏,なし,あり
並,時々あり,なし
並,時々あり,あり
やや仏,なし,時々あり
やや仏,あり,なし
仏,時々あり,時々あり
鬼,時々あり,時々あり
仏,時々あり,あり
仏,あり,時々あり
ど仏,,
仏,,あり
ど仏,あり,あり
鬼,なし,なし
仏,なし,あり
鬼,あり,あり
ど仏,あり,
並,なし,あり
仏,なし,あり
ど鬼,なし,あり
並,なし,あり
やや仏,時々あり,なし
やや鬼,なし,あり
やや仏,あり,あり
仏,あり,あり
仏,あり,あり
やや鬼,あり,あり
やや仏,なし,あり
仏,なし,あり
仏,なし,なし
やや鬼,あり,あり
ど仏,あり,あり
やや仏,時々あり,あり
鬼,あり,あり
仏,なし,時々あり
やや仏,時々あり,時々あり
仏,時々あり,あり
やや仏,なし,時々あり
やや仏,なし,時々あり
並,あり,なし
ど仏,なし,なし
ど仏,あり,あり
ど仏,あり,あり
仏,あり,あり
並,あり,なし
ど仏,なし,あり
やや仏,なし,時々あり
やや仏,なし,あり
やや仏,あり,あり
やや仏,なし,なし
やや鬼,時々あり,なし
並,なし,あり
ど鬼,あり,
ど鬼,なし,あり
仏,時々あり,時々あり
ど鬼,時々あり,なし
ど仏,なし,あり
仏,なし,なし
並,なし,あり
仏,,あり
並,時々あり,あり
並,あり,あり
仏,なし,なし
ど仏,なし,あり
鬼,時々あり,あり
やや鬼,なし,時々あり
並,なし,なし
ど仏,なし,時々あり
仏,なし,なし
仏,なし,あり
やや仏,あり,あり
仏,あり,あり
,あり,あり
やや仏,時々あり,なし
並,,
ど鬼,あり,あり
ど仏,時々あり,あり
仏,あり,あり
やや鬼,時々あり,なし
鬼,なし,あり
ど仏,,なし
仏,,
ど仏,,
仏,時々あり,あり
ど仏,,
やや仏,なし,あり
やや鬼,時々あり,なし
ど仏,なし,なし
ど仏,あり,あり
並,なし,あり
ど仏,なし,時々あり
仏,なし,あり
ど仏,なし,あり
仏,なし,あり
ど仏,なし,あり
ど仏,時々あり,あり
やや仏,あり,あり
並,あり,
仏,あり,
仏,あり,あり
やや仏,なし,なし
並,あり,あり
仏,なし,なし
仏,なし,あり
並,なし,あり
仏,あり,あり
並,なし,あり
仏,あり,
ど仏,なし,なし
仏,あり,なし
ど仏,なし,あり
並,なし,あり
鬼,なし,あり
ど鬼,あり,あり
並,なし,なし
やや仏,時々あり,あり
やや鬼,時々あり,なし
やや仏,時々あり,あり
やや仏,時々あり,あり
ど鬼,時々あり,なし
ど仏,なし,あり
ど仏,あり,あり
やや仏,時々あり,なし
やや仏,なし,あり
仏,あり,なし
仏,なし,あり
仏,なし,なし
やや仏,あり,あり
ど仏,なし,あり
やや鬼,なし,あり
ど鬼,なし,あり
やや仏,時々あり,なし
並,なし,あり
ど仏,あり,なし
ど鬼,あり,あり
鬼,あり,あり
ど仏,時々あり,なし
ど鬼,あり,
ど鬼,あり,あり
やや鬼,なし,あり
鬼,時々あり,
ど鬼,あり,あり
ど仏,なし,なし
やや鬼,あり,
仏,時々あり,あり
鬼,あり,なし
ど鬼,あり,
ど鬼,時々あり,
ど鬼,あり,
ど鬼,あり,あり
ど鬼,あり,あり
やや仏,なし,なし
並,時々あり,なし
並,時々あり,あり
ど鬼,あり,あり
ど鬼,あり,なし
並,あり,なし
やや仏,なし,なし
仏,あり,あり
仏,なし,なし
やや仏,時々あり,あり
並,なし,あり
並,あり,なし
仏,なし,あり
やや鬼,なし,なし
仏,なし,なし
ど仏,なし,なし
並,時々あり,あり
やや仏,なし,なし
仏,なし,あり
並,なし,あり
並,あり,あり
仏,なし,あり
仏,あり,あり
やや仏,なし,時々あり
やや仏,あり,時々あり
仏,なし,あり
やや仏,あり,あり
仏,なし,あり
ど鬼,なし,なし
仏,なし,なし
仏,なし,あり
並,なし,なし
,あり,時々あり
ど鬼,なし,あり
やや仏,あり,なし
やや仏,なし,
鬼,あり,あり
ど仏,なし,あり
やや鬼,時々あり,なし
鬼,あり,あり
やや仏,なし,なし
やや仏,なし,なし
仏,あり,なし
やや仏,あり,なし
鬼,あり,なし
並,なし,あり
並,なし,あり
仏,なし,なし
並,時々あり,時々あり
仏,なし,なし
ど仏,時々あり,なし
ど仏,あり,あり
鬼,なし,あり
並,なし,時々あり
やや仏,時々あり,時々あり
仏,あり,あり
やや仏,なし,なし
やや仏,なし,あり
ど仏,あり,あり
仏,なし,
やや仏,あり,なし
ど仏,なし,なし
並,なし,なし
ど仏,なし,あり
ど仏,あり,なし
並,あり,なし
仏,なし,あり
ど仏,時々あり,なし
ど仏,なし,なし
仏,あり,なし
並,なし,なし
ど仏,なし,なし
ど仏,なし,時々あり
やや仏,なし,あり
ど仏,なし,なし
仏,なし,なし
並,あり,なし
並,なし,あり
ど仏,なし,なし
並,なし,なし
やや仏,なし,あり
やや鬼,時々あり,なし
やや仏,あり,あり
仏,なし,時々あり
並,なし,時々あり
並,あり,あり
ど鬼,なし,あり
並,なし,なし
仏,なし,なし
ど仏,なし,あり
ど仏,なし,なし
並,あり,時々あり
鬼,なし,なし
ど仏,なし,なし
並,あり,なし
やや仏,なし,あり
鬼,なし,なし
仏,あり,なし
仏,なし,なし
仏,あり,なし
鬼,あり,なし
やや仏,なし,なし
仏,なし,あり
並,時々あり,なし
ど仏,なし,あり
やや仏,なし,なし
並,なし,時々あり
ど仏,なし,時々あり
仏,あり,なし
仏,あり,なし
ど仏,なし,なし
ど仏,なし,なし
やや仏,あり,なし
仏,あり,あり
ど仏,あり,なし
やや鬼,なし,なし
やや仏,時々あり,あり
並,なし,あり
やや仏,なし,あり
やや仏,なし,時々あり
並,時々あり,なし
仏,あり,なし
並,時々あり,あり
並,あり,なし
仏,あり,あり
並,あり,なし
並,なし,あり
仏,時々あり,なし
仏,あり,あり
並,なし,あり
並,あり,なし
やや仏,時々あり,なし
ど鬼,なし,あり
並,なし,なし
仏,なし,なし
仏,あり,あり
並,あり,あり
ど仏,時々あり,なし
並,なし,あり
仏,時々あり,なし
やや仏,なし,あり
やや鬼,あり,なし
仏,なし,なし
並,時々あり,なし
仏,なし,あり
並,時々あり,時々あり
やや仏,あり,時々あり
鬼,なし,なし
並,なし,なし
並,時々あり,なし
ど仏,なし,なし
並,時々あり,あり
ど仏,なし,あり
ど仏,時々あり,時々あり
仏,あり,あり
仏,なし,なし
並,時々あり,なし
ど仏,なし,なし
仏,時々あり,なし
ど仏,なし,あり
ど仏,,なし
やや仏,なし,あり
並,なし,なし
ど仏,なし,あり
やや仏,時々あり,なし
ど仏,時々あり,あり
ど鬼,,なし
鬼,時々あり,なし
やや鬼,あり,あり
ど鬼,あり,
仏,なし,なし
仏,なし,なし
並,なし,あり
ど鬼,なし,あり
鬼,なし,なし
ど仏,時々あり,あり
並,なし,なし
ど仏,なし,なし
やや仏,時々あり,あり
